0.931531417953382,-0.0137491807775554,1
-4.25939724176907,3.92363384654564,1
-2.8722532497658,2.74872682791852,1
-3.74554392431632,5.54834086264089,1
-5.12232484662412,4.82355914220929,1
-5.41418454290504,5.00520769476416,1
-5.7425781794487,4.09736344620854,1
-2.24636907567142,2.26098146427842,1
-4.96682094008781,4.68420838442167,1
-5.67862732945641,3.99375691370184,1
-4.30283366317981,5.89871621693369,1
-5.17248465989821,3.91654591471373,1
-4.19653794373632,3.0386209442988,1
-7.23522803968913,4.79645858869605,1
-6.07154469274971,6.08736824667615,1
-3.89457037019411,3.23286517598894,1
-5.33878582996255,4.32297276814577,1
-5.11672234058363,2.46418177114716,1
-0.798363243487289,3.09042711177317,1
-1.77908402321568,2.76509380095731,1
-4.38690803116897,3.54937766283441,1
-6.08554217947927,4.88179821363378,1
-5.63195093530371,4.57891961853046,1
-0.165027858928524,2.71840322341887,1
-4.22672455675425,7.95804653568905,1
-3.53558700013707,5.19651912382153,1
-3.94963051089648,6.16464607267785,1
-2.04218100701822,5.49887105219034,1
-5.33324720184696,4.0732528658829,1
-5.28140078198756,3.79841221802513,1
-7.09751554474149,2.87760098681109,1
-6.64553154305218,3.62278215725585,1
-3.53326396745924,3.47545913188454,1
-4.15202549692888,3.9316571833343,1
-2.66725916302873,3.97568479703733,1
-4.8886329032639,4.49474854103506,1
-3.20929996168195,2.19577996663982,1
-2.70218341188064,3.14092222518092,1
-0.66285242457106,5.13174660065338,1
-4.1495849858005,3.65899466725746,1
-4.31888076319542,2.91411846270133,1
-3.84718143626107,3.61912554156206,1
-3.87146979418749,4.39195460264081,1
-4.29600187170416,3.59625580238978,1
-0.752360256697972,2.36342855328388,1
-1.85464724967787,2.83900656534897,1
-4.89871459827638,5.84199701524296,1
-2.56653664289869,4.61275720906582,1
-1.84535762195807,2.30740601508975,1
-5.61659858509464,3.56990888464107,1
-5.85767546784964,2.358579866177,1
-4.59826792506016,5.6636838013384,1
-3.60154645777563,3.72754360724612,1
-3.79300443941949,3.61641119478358,1
-4.17968105521418,4.29254095521537,1
-3.65989908140494,2.19765216729809,1
-5.65166601035103,3.35340547723488,1
-5.52292646512862,4.74613989685352,1
-3.39920456693082,3.38219533766998,1
-4.34374051371248,1.44268100214894,1
-4.72002009358057,3.23702142203427,1
-6.96702597520099,5.33275934314801,1
-3.63638105982412,5.26998385663144,1
-3.34110615589752,3.89529872608931,1
-6.41220820307532,4.9925265111528,1
-4.34821100503368,3.49233896891183,1
-4.04508261408828,4.2877563425187,1
-2.59558462674314,4.23636314664581,1
-5.28258099618889,3.25446577463601,1
-5.10942247412368,5.73786564070676,1
-5.41202445640531,2.31165842106501,1
-7.08398813313796,4.96845334945889,1
-3.88811601832147,3.66207797148429,1
-3.45881166855596,5.96001985937327,1
-5.39198293196499,4.05719602968968,1
-5.6528236126067,8.75030208881104,1
-6.0436901884432,4.32596797151589,1
-4.34259606396208,3.1826517590842,1
-2.15424741001914,6.41332919774706,1
-8.8984606572241,5.60877755322431,1
-7.92658662073646,4.97571867649954,1
-2.20090347225918,3.58974265723174,1
-5.24441716702732,3.11172087385271,1
-4.11101303835756,2.13851057710222,1
-1.95923750764799,2.48162694347407,1
-1.36160658376444,3.21161309874219,1
-3.9475892816695,5.46848496819141,1
-2.86128340344168,5.19733588580463,1
-3.67319218927811,4.51831508233512,1
-3.18023275276966,5.28682482300822,1
-4.64031375231575,7.62796922841442,1
-6.60933030436589,5.71821048478966,1
-3.01502066783399,4.9266951918308,1
-2.91668465823684,3.24722134955263,1
-4.69757950729652,5.79395478658445,1
-4.98530153897046,2.86132190512479,1
-6.51878104916185,4.40910575000525,1
-4.92984124062205,3.1919784213421,1
-5.03654343290092,3.61848668902608,1
-4.65289859960981,6.81178745277201,1
-1.14466925166769,2.78174378409683,1
-3.38779567236924,3.24113738863514,1
-4.6980191240045,5.58011864175032,1
-3.48424703477018,3.41747055189839,1
-3.4931799084883,4.24938485195314,1
-1.98399798586319,4.04829741901303,1
-2.49957869405398,2.3707496254403,1
-2.27707576464346,2.96420806482119,1
-3.71617082060437,6.41008614052094,1
-3.36828817540213,3.96834692740332,1
-2.1610940663426,4.57042245859525,1
-3.84615021734856,5.61280053224255,1
-6.70244248453412,5.6536828023498,1
-3.70403291486711,4.06528126795697,1
-5.63099721012613,6.21673523568065,1
-4.13010708018974,2.4006900966791,1
-4.83519368806203,5.8544901383902,1
-5.19833200968127,1.65202419034475,1
-2.03754092289261,1.69658744516334,1
-4.6645261488567,3.6633561613914,1
-4.00041834815364,3.88863803929078,1
-3.87443820090501,1.82970392354222,1
-6.47641988129018,5.83917249066154,1
-1.97708307318409,3.22612857481306,1
-4.25513757502602,2.6541362838229,1
-2.61250431951636,1.98233169741464,1
-3.52978987356381,2.58892233756689,1
-2.04429386665907,2.25635493334673,1
-5.28444266668382,4.2629426363614,1
-6.97735194664541,4.92185080719963,1
-4.89044665049323,3.53186193039062,1
-5.1070002523148,4.25849274940887,1
-6.10373848379248,3.85574037237502,1
-2.0241488656919,3.57200917876077,1
-2.37499796985692,5.4795957511111,1
-2.57336865539634,4.6483825564022,1
-7.14672224383622,4.51481272094659,1
-7.00436472648887,5.19135971764748,1
-1.30225275889711,2.89234755002584,1
-3.85941360821649,3.39554560710644,1
-3.09308886842493,3.28839445441182,1
-4.59377011335151,5.6485856214387,1
-6.96990535502229,4.27779973655538,1
-4.09689655568182,4.28066479476563,1
-4.46059502106113,4.95769377781312,1
0.645050622623451,1.1032923885988,1
-6.00005536585343,2.70079591921854,1
-4.66398336642943,5.2263677059744,1
-5.67398785363857,5.06150035057827,1
-0.564689675873766,2.15828274663829,1
-2.77574465423432,5.0665135057603,1
-6.1085318200162,5.11618453041465,1
-3.44295725007131,3.2827793632857,1
-6.23214785659959,4.1685753194335,1
-4.55286118392081,3.52954297708236,1
1.26188082570157,0.819044206281627,1
-3.4142046454801,7.36740376802866,1
-5.86532695587243,1.65768351792688,1
-3.59168118732475,4.2202106570969,1
-5.16572937569618,4.3959511456163,1
-5.77009909372759,2.91862391367484,1
-5.60997213242241,4.34659276943512,1
-3.79850754728302,4.44143776357472,1
-2.65775728078461,4.89125390586593,1
-4.12535962501186,4.18888360625974,1
-6.23957298248193,5.50482474065638,1
-5.31875112377134,6.72379486346318,1
-0.929685084476163,2.83459273894275,1
-5.13611579377765,3.63173717325321,1
-4.78788166182292,2.39947095065501,1
-1.82494429649441,4.38215049687039,1
-6.30073106287565,4.10324777087975,1
-2.77850879357956,5.44739400672449,1
-4.75684317327906,4.34638297228052,1
-5.25509643305405,4.24308756057968,1
-2.32969239130847,2.70911796787613,1
-3.75629632130311,3.24712665087433,1
-3.42817948744022,2.16478350642745,1
-3.4172301772801,4.58723405639374,1
-3.62478772357906,3.32779717959716,1
-5.48130824006212,5.32668494279091,1
-6.00665877337472,2.46704119130832,1
-3.09289940097383,4.14633111860694,1
-4.94175240783164,3.12325480955475,1
-1.0976871294224,0.995287643412216,1
-4.51325144318604,3.86503939485541,1
-3.34016015147297,4.58184025018086,1
-0.748099847169629,4.25973701610541,1
-4.08027178369779,5.63223657569829,1
-3.38260022329213,3.3015036698292,1
-4.33288301431775,2.86200212019508,1
-1.34792406620512,7.06472845984889,1
-3.55710134254076,3.13702334057372,1
-1.98321052691825,2.41060573092781,1
-4.62109212059252,4.82475470429211,1
-6.79323828029538,3.53326860048207,1
-4.05275348401151,3.15029074921317,1
-1.91700089193731,1.32009137428266,1
-2.6918808740246,3.30441978932767,1
-4.3883931716516,2.66584023939379,1
-4.00515755916358,4.50712689798103,1
-5.61318656327557,4.78281893876506,1
-2.78236516831715,2.65980771813596,1
-5.40592280414919,3.96994012661948,1
-3.42461690174536,3.0659819984213,1
-5.96191018848632,4.87327552411623,1
-3.84666545691463,3.09734533865107,1
-1.26384982464713,3.44031001996643,1
-3.79035396948572,2.82819245294821,1
-3.29214737448538,4.52602769262654,1
-4.47094054848753,3.94231980062767,1
-6.18255938580305,2.06802560203016,1
-1.76850690186592,3.50395237402278,1
-1.41707241526555,4.36629585754779,1
-3.39922438252848,5.44141555253009,1
-3.33488438180765,4.0759655503556,1
-3.43474484839496,5.73089204871113,1
-6.41177696060124,5.70164842034266,1
-3.76986238219519,6.65556637042613,1
-2.73954867520592,3.92481523613898,1
-6.13387420110664,5.33355362975005,1
-2.09725360999327,3.93133103108237,1
-5.50661786195555,5.22560435035852,1
-4.17685073747289,5.13779930482094,1
-5.50166568386302,5.88284819441816,1
-4.56834761219819,2.91108409805587,1
-2.33131036445981,1.76592118381435,1
-5.56595924696685,6.25442436404558,1
-3.26029813395623,5.00671809679287,1
-4.34472587617479,3.01782769494211,1
-3.62854853177052,3.81242331058503,1
-4.72574341323366,6.63961165087714,1
-1.89288686892077,1.79890362923378,1
-1.36240639487811,3.54747144523028,1
-3.89224703492622,2.16914521493555,1
-7.34313748475127,5.33899055565902,1
-3.89208323785602,4.36305010150362,1
-1.61838034951474,2.97007638366907,1
-3.72676878696338,5.13134243579016,1
-4.62896972049094,4.03314357763751,1
-4.17513206662065,5.59755574932075,1
-9.19714554920869,7.15432007698763,1
-4.38169927585458,3.769956192808,1
-4.80475291926626,4.6061048289537,1
-4.67530016780778,4.4981739004918,1
-4.10936203904843,5.29057546096451,1
-6.39989731000719,6.41391567604903,1
-6.74620594641454,5.94517903607091,1
-2.9733726102994,3.69380929885554,1
-5.20182526190146,3.25109942501886,1
-4.84413553291576,2.61670062103904,1
-2.77272283327991,5.01755674020194,1
-4.55225384791023,6.77343167564455,1
-2.78628614429589,3.94706877296708,1
-3.5920146167413,3.77550934072419,1
-4.53126857374704,5.39134518473464,1
-4.19839175359013,1.88897878921702,1
-5.71384805664909,4.23542417388948,1
-2.92567855338052,1.05297350605657,1
-2.23947758044148,3.96797325034833,1
-2.79595393231225,3.63657378779003,1
-3.35252618032588,4.21039896728307,1
-5.21277937232194,3.85012491721562,1
-6.86640065626345,2.54000267198567,1
-4.8878844249018,5.5845913002531,1
-1.84626134029244,2.43511839563361,1
-2.92722133909447,3.87538073475183,1
-4.74976008774756,5.48286035938201,1
-5.67884994280372,5.30252637284485,1
-5.81640324390279,3.53461347679175,1
-5.56641848186129,4.18588096934448,1
-4.44021181258085,3.86718969291218,1
-4.67577675971808,5.51018134829004,1
-5.40440634176028,6.13566472740576,1
-5.91317562027238,3.2622725704228,1
-4.120281315415,2.72400489348801,1
-3.63287042950205,4.04724060843683,1
-4.31018403879979,4.10184058045884,1
-7.1940847657696,5.32572654444371,1
-6.85276251685066,3.5921246646351,1
-3.28615376781755,2.02536633046275,1
-4.63337365298239,4.10877581608447,1
-5.94128327192411,6.25002736935106,1
0.15396061142137,3.43599438863437,1
-2.09889877143909,3.21295018873276,1
-2.91241187745826,3.14100308514834,1
-4.02890819448971,2.55556030952246,1
-4.24667322137512,5.24906871170096,1
-0.364732315941953,3.89697335882506,1
-5.60820799257012,4.32146455503359,1
-2.55710909754933,4.02177666707398,1
-3.09158699311162,4.05088867157938,1
-2.94545388478229,4.85104995363816,1
-4.15039312446736,6.17819275958254,1
-0.876455039400558,0.67821858157682,1
-2.10697634577358,2.97080450525713,1
-6.64325854450241,4.7766682791778,1
-3.4516031273823,2.16267208202573,1
-2.99418817025077,3.28847515132633,1
-4.30119272293263,5.15417008833642,1
-3.67312443311106,2.9091754049342,1
-1.74102945579439,0.524014719826205,1
-3.6116504239871,2.54947059015963,1
-1.05517629567696,3.39098646972322,1
-5.56720375618241,3.53478582839532,1
-4.79817208372086,5.49414998749294,1
-4.45666218006975,3.42929673284193,1
-3.18087548408056,4.02682240646121,1
-3.28480643134914,2.98883000427972,1
-2.37414001123626,4.27670717078281,1
-2.95476997477061,1.52716224868973,1
-3.44015104113921,5.94054670380808,1
-2.78792163197294,3.31264162119139,1
-1.67822429420219,3.04735126934063,1
-2.59252527484511,1.68358185211839,1
-6.82818979394695,4.94061980060056,1
-5.51852363091969,4.41510256074109,1
-7.33863043765889,3.55110185570244,1
-0.734213491891258,3.68422117731683,1
-4.5830105957752,6.80146049216376,1
-4.14486106013884,5.59087774409738,1
-7.07530047600893,4.94355861020966,1
-5.33943413814946,5.16910407042231,1
-2.35923338231708,3.73064350747757,1
-5.86525160823787,5.1666000468648,1
-0.970950720343624,0.315853722337647,1
-6.57410412259068,3.68368870036351,1
-6.14855265670907,4.34789575093694,1
-3.25533071205323,4.57329960105106,1
-6.63549287361696,5.35130271955537,1
-8.28144673446902,5.29490357952482,1
-3.13461239022808,0.913644719612221,1
-6.07708950200485,2.84589015829448,1
-4.8733683787213,6.02569394437325,1
-4.84097182869261,4.45854216221974,1
-1.85417580592355,3.30731654608303,1
-3.7349241208583,3.47464568452718,1
-3.90200081770207,7.73102776650302,1
-3.68308082965892,3.00753140760447,1
-7.55595666854515,5.00152802235714,1
-5.06138619559986,5.04933390056603,1
-3.887580813901,5.67725591998849,1
-4.65517631009935,4.04921996353063,1
-5.21626604197707,5.65785736457229,1
-3.80134534068195,5.22293171278586,1
-8.37451848266764,5.79751138577419,1
-7.63356255668904,3.50922450765511,1
-4.40363348469693,5.1756931204571,1
-7.07780582742164,5.16064298852601,1
-5.06728497630762,6.36545515707842,1
-4.86745605817123,3.20241114973238,1
-4.59562127064211,4.19404294455358,1
-3.51485153789109,3.18624981070539,1
-3.87738946756233,1.57708634696109,1
-2.60941779522734,2.17766599629844,1
-4.27868982055892,1.55888567860603,1
-2.11800197301872,5.56331349621095,1
-2.58321513153561,3.84099008592517,1
-3.62515010174659,4.65312891436118,1
-0.643736288884528,3.14818669053291,1
-4.17111750611517,5.50715861962949,1
-3.14426896021888,5.67675229228032,1
-3.79998453900139,3.40899685374648,1
-1.71692362439714,1.99165931631699,1
-6.24841219901412,6.18094873427866,1
-5.55765741753246,7.4281930955174,1
-4.54120938094872,3.89653418689469,1
-4.22935636993654,3.09389806213893,1
-4.32266059081444,4.53936763814917,1
-4.85342104874015,3.06563045927475,1
-5.47851531042794,3.48603537437088,1
-6.64550820468189,5.7577084755775,1
-6.80962923863711,4.65256982068096,1
-2.64862885339171,4.2320245799414,1
-7.62516405021593,4.55797568506362,1
-3.46827175100834,4.58111168862912,1
-3.8821002205657,4.40486721931783,1
-3.1991483847063,4.40379032381755,1
-5.85829441802862,6.13918685173596,1
-3.58419582991622,4.99129796296357,1
-3.98750919781655,2.00247708275918,1
-2.57395186629702,5.88567914222255,1
-5.04776426877219,2.74153105285497,1
-0.777269680772167,0.643257555947307,1
-2.14633941259217,4.62038979975617,1
-3.67628846168123,2.88166869684718,1
-3.95087421862464,1.53153510308661,1
-5.63968787805567,4.49068705007955,1
-2.9469262193333,6.0289062320139,1
-3.05463182818077,4.84387229612219,1
-2.5246127445416,4.40544282419163,1
-4.03102749543775,2.62831096314184,1
-2.42797293035389,2.43297130974158,1
-5.05361727385094,5.54485634564088,1
-6.70542953312068,6.61785898828269,1
-5.76498907650676,6.0292419268245,1
-1.43799850903365,3.86601756541472,1
-2.88107065687624,2.30711637524941,1
-6.16240353905336,4.48143104429893,1
-4.42724242668475,5.73632861488782,1
-3.41488529564005,5.63299823476606,1
-4.4649637966997,4.6771019376612,1
-1.27380050024311,3.23843373330451,1
-4.08648916730149,4.48250064249567,1
-4.55256724456562,3.57937009760186,1
-4.96745838438895,5.44060082137685,1
-4.76057704913103,4.55773159218951,1
-4.20010529110032,4.68893369389024,1
-7.54006062932284,5.00085701949593,1
-2.50082908241983,3.92668423485227,1
-4.29011521123855,3.30952417556337,1
-1.15189894707032,5.1482576070171,1
-2.03680669686095,2.99862831739139,1
-6.01505867400419,5.60049376383286,1
-3.02666415347219,1.16666169314909,1
-5.85560049453594,5.92036073522765,1
-5.79828983116211,4.13938729855554,1
-4.62348822669203,5.0254946230673,1
-6.53900580944939,4.30934443100596,1
-5.97539977608693,5.55646129952272,1
-3.74285364987197,3.23916038235186,1
-6.24599624871956,4.20618212843821,1
-6.74877733930038,3.68101518134922,1
-1.54456982105359,1.25111307427163,1
-2.19997390853727,3.96305207818958,1
-2.03549923809017,4.79063842545997,1
-3.08587386642631,3.91258514204673,1
-4.12252765525999,3.20146391703299,1
-1.71285184028247,1.76562958821276,1
-1.10714603458965,1.7818868123282,1
-4.89566636386106,6.61210873089433,1
-0.483173323844913,2.96770748087515,1
-6.88526083533899,3.57345093618338,1
-6.76217653032611,3.48185658943235,1
-5.01297524484899,3.38358728916492,1
-4.90453646166334,4.02994127773479,1
-3.1160385842044,6.34290442250081,1
-2.75965366911448,3.65238589065864,1
-5.23007376523483,2.8069681668592,1
-2.3526109541023,2.52028984622002,1
-2.79106921992848,2.33001329450197,1
-6.51807269491473,6.59707825300292,1
-2.98589139593323,6.28978167896275,1
-2.1341693176627,5.3968808208592,1
-5.76368059379532,4.15476308816228,1
-4.95839093716561,5.9045206760094,1
-2.27018362331148,3.37804647914203,1
-0.196770194782264,2.57579933627012,1
-4.60096363171032,2.8069427681848,1
-4.56153686901805,3.87895324163207,1
-3.08309356922085,2.69652220384915,1
-4.44601346680637,3.86022982811209,1
-5.49016342595937,3.68458520692477,1
-6.16328598206059,4.2990027284356,1
-6.87376939502583,2.92404533971051,1
-0.752575663564442,3.61664780328264,1
-3.28556538841224,2.11994291416253,1
-3.45427178431757,4.26583834584244,1
-3.41558423576422,3.01091222350031,1
-5.37811969875241,3.37728243857902,1
-3.07402627002428,1.30540235648245,1
-1.93550769668905,2.92825202077411,1
-6.82036999145336,6.13207863431163,1
-3.37177090166124,5.96814030712459,1
-3.71359094211468,4.61107537327002,1
-3.47834299669553,2.1938181768156,1
-4.01857066730972,3.73560883689777,1
-3.31329197688044,5.20383991839948,1
-5.91333242130177,5.29832390078755,1
-3.13490082565961,2.91704815544858,1
-3.66308666253612,4.19268192114459,1
-4.61813443810335,5.3794994656336,1
-3.15381141649951,3.22976869638738,1
-4.91959891086233,3.34799390130509,1
-4.82086303696423,3.24072878632969,1
-3.21491895425477,4.41300003277632,1
-4.75303461945505,4.89710946950355,1
-6.6853597461575,4.27367296680246,1
-6.77804120439321,2.97771043621499,1
-5.36281940812211,4.60101267031851,1
-0.764744009381955,2.58014994504948,1
-0.021093000872177,2.7832100882342,1
-4.11579221496601,5.87877401878018,1
-6.69371540351207,5.29320080785586,1
-3.99130116721364,2.92613564198138,1
-2.80493601009356,6.37338052237815,1
0.457140174467097,1.64864216922712,1
-1.01091752410411,2.37049270100829,1
-4.69417797198789,4.94693553255248,1
-6.07475957176242,2.92718954036108,1
-4.85410334560573,4.46585772860566,1
-5.96163898813012,4.60282453731449,1
-1.69758163201849,5.89548664616245,1
-4.73371932617083,5.86045212365533,1
-4.30902361371887,4.61388253912681,1
-5.51499441731539,3.10159649081375,1
-2.85752856743719,4.29129754180918,1
-5.59861821019901,4.07250452173055,1
-2.74199444250467,2.90127366521774,1
-5.72794612938419,2.17537162879666,1
-3.51734368083378,0.88198821432243,1
-4.83846572265336,4.72755736958827,1
-2.71997603970553,4.15467461680528,1
-5.26445583131,3.9334653231757,1
-5.2527500429541,5.23721498042757,1
-5.73771664341815,4.98813475386034,1
-4.22396985010171,2.28462224293522,1
-4.86470710118977,2.70226998422349,1
-4.96065251265324,5.84008366359733,1
-2.38310589773589,4.05250201858836,1
-1.75973127923803,2.84255731917838,1
-4.60813939743895,2.85248504562345,1
-0.687025087692842,3.22966627743126,1
-2.53201798775644,3.82770313162656,1
-1.00368257720358,0.610157814946914,1
-5.74364697458627,5.79863480164227,1
-4.87344928529671,4.3700379707001,1
-2.37870800212159,3.89129981695032,1
-2.84340363997594,1.90916140644871,1
-1.66501051482145,5.34823996670192,1
-3.40858166613552,4.88206044841456,1
-3.37080451437045,2.72390220854262,1
-4.55288874336897,3.92081915128147,1
-4.95059696609611,3.52143294616669,1
-2.88310906451982,4.16510428801909,1
-3.67557871047712,4.93392999320277,1
-4.0627100071675,4.49670476333363,1
-3.13152288361453,4.32134832540105,1
-5.30251774339413,5.12592128739634,1
-5.74506838297134,3.18672346930967,1
-2.85392556278055,4.53826011759053,1
-3.50640186721842,2.71003776932166,1
-7.04628337044513,5.80985829951137,1
-5.2914985047769,3.01769840810812,1
-7.46596967129424,6.57530171832374,1
-2.81388175925622,4.14707330844869,1
-3.19199428439742,4.75374863178458,1
-3.73504826496573,3.04020457524731,1
-3.16086631371166,4.73336824109863,1
-5.15609128433657,3.41381615642155,1
-4.82333333303398,3.79276792113929,1
-3.91473893953079,3.62212218139258,1
-2.14456297722486,4.04153264407911,1
-3.04878436243346,5.33506487232623,1
-4.09485032995228,3.7293436277927,1
-2.05702427861235,3.08564993131636,1
-4.08015581162154,4.42479465634731,1
-5.02571382295449,3.47337845640575,1
-2.42826790786191,5.3544804010779,1
-3.4539936853639,5.17939936288728,1
-5.90472900786518,5.85149754368129,1
-5.89313543537878,4.03230607159998,1
-5.2672854373185,2.3772052435309,1
-2.43432790530926,2.36187240936425,1
-2.95677214192378,4.201731205985,1
-3.90378120660684,3.14455797622883,1
-4.30959917187194,4.50454943447005,1
-3.66602951307136,3.01763339605675,1
-1.6609718351198,3.48079849816083,1
-2.69564485808916,3.32435412430248,1
-4.92908381743303,4.81805840291975,1
-4.31891399110071,1.9546974954096,1
-3.07319372284943,5.3916894569412,1
-4.65556663835145,3.9623409935404,1
-2.05090809725449,3.84658320540551,1
-3.39078793307694,6.19711410943116,1
-1.51514504380683,3.18583666041956,1
-4.41334074252708,5.61767410539086,1
-4.69892862813351,3.80967445737248,1
-0.537877991651966,4.17066508807478,1
-6.7278226739014,5.50992346289837,1
-5.29957565086182,4.44439716057904,1
-2.55258675789599,3.15050132297381,1
-1.75048625378259,3.96515886138587,1
-6.02991989275489,3.46703428539707,1
-2.58408967231984,2.34686983867583,1
-2.60585712123831,4.80109256539805,1
-1.69677357339878,4.08186204729225,1
-2.66132416863047,4.28647166712462,1
-3.38138084624864,3.29124853223802,1
-5.39870278162343,4.48003001950589,1
-1.74206552144717,1.35886904753308,1
-2.72074046876556,1.88892511613217,1
-5.60490146852393,5.0700799051467,1
-2.88499143339012,2.24295968796987,1
-5.28008141812267,4.60319174653307,1
-6.29190671759002,2.75237233525071,1
-4.75620036241637,3.67570719556382,1
-3.91298597709355,2.75913859191786,1
-1.95034939546016,4.03499957946258,1
-4.38142949880842,4.13927727192417,1
-3.78859857527314,4.2811296061898,1
-3.39596330666232,2.31912964803756,1
-6.02312598530116,3.14026872487354,1
-4.51156677278154,2.54671212905737,1
-4.57638630020947,5.57456559678657,1
-5.2504925059903,5.19526973573711,1
-6.0663494180879,4.93128509064739,1
-5.91767264356453,3.62077476470966,1
-4.58501942129127,2.80625947869408,1
-5.12841322963806,5.65590459941982,1
-1.47129121474581,3.79841080397097,1
-5.2394903132284,2.99575782169256,1
-3.95482472963243,6.11324844547468,1
-4.64689759690279,1.93823625799157,1
-1.25094414191362,3.50385294157457,1
-1.499060471023,4.03761605542323,1
-4.97099591524711,4.52171085659449,1
-2.75088533227103,2.33807290395468,1
-5.11629549183197,4.6991308473153,1
-2.4126415848216,3.19739683635498,1
-0.252982717893009,3.01172793689849,1
-4.61189902094716,3.797263898723,1
-5.35459101648231,5.11473721171568,1
-6.09250741118053,4.05005750627636,1
-2.02312978968785,1.66365602405937,1
-3.0132955340304,4.84540662613326,1
-2.53879015986478,4.77385966420631,1
-4.40397241659188,5.21798722750526,1
-5.56231110505215,2.45221963969796,1
-5.01994696194318,4.91038346887294,1
-5.07202309613943,2.95612470836337,1
-5.53405268911277,5.66434460554065,1
-3.97679824300869,5.21324541564033,1
-4.48935876901496,5.4725311087996,1
-2.09203456316022,5.71069975916464,1
-4.85557940051335,2.44324089215424,1
-2.61003751939122,4.0362676205109,1
-5.74584861601147,6.61923555878746,1
-0.670894092295913,2.93140556036586,1
-3.70879230790852,3.93817476422788,1
-4.04535492293627,3.10994711143614,1
-4.70088384282727,5.66559755322847,1
-4.92985094988477,4.65317450781325,1
-4.84131714834087,5.84486207238445,1
-4.61240584122179,2.87139950224125,1
-1.76363842864003,2.1819866670642,1
-3.07288929237141,3.74534807779379,1
-3.98566782714492,4.24535228416462,1
-5.74364927675815,3.35632552533965,1
-6.93973729748246,5.4570315344431,1
-0.854218494100654,2.59230844932918,1
-4.25155905740732,5.7258081217166,1
-4.24184223598336,4.15208768238645,1
-5.96042636037158,4.99332408390349,1
-2.93890956081432,2.49097608348747,1
-5.56947522145748,2.3607231231033,1
-2.46811196509822,0.488324296077107,1
-8.08778717873783,7.95648300025911,1
-3.2709990418766,4.525774355137,1
-3.68224691693638,5.81217900834386,1
-3.13257482023426,3.52134329014367,1
-4.5718987061977,2.17436614458665,1
-8.18040090296129,3.92428993986129,1
-5.66769111891482,3.03009079125728,1
0.702601991367673,-0.671626179902056,1
-2.30522601019822,4.31998167135832,1
-5.38466110132063,3.2331883610788,1
-3.16170887326432,4.10408070265709,1
-3.19418442515368,3.9186540939878,1
-8.27352683462905,4.56257211757503,1
-4.55348552405718,5.82276646840846,1
-7.51458865601575,5.57363839296889,1
-1.98731256671103,1.35247417541159,1
-2.35607663054636,3.33934320273875,1
-1.42677614116154,3.52512453191908,1
-0.459642688705564,2.17185134043482,1
-3.86138964993418,4.38607059172378,1
-4.91406328232131,5.94843754738831,1
-3.48722666443713,4.40176953088892,1
-3.61897556632018,5.29762502390182,1
-4.28828301189402,6.57645147225739,1
-4.31328844955506,6.25140751982261,1
-5.76780090044058,5.04282427333398,1
-3.9208133735296,6.07866847598959,1
-6.33870422471209,2.79630151802007,1
-3.54258505565599,3.89825043612257,1
-2.92831956564044,4.45696156364521,1
-2.83921376670217,4.0525309145357,1
-2.44248731277217,3.1299344800754,1
-3.08365501484194,0.974769080228093,1
-2.47501299852315,3.53880766870185,1
-4.0224173525239,2.39396249671664,1
-4.66383313852486,3.42294639623768,1
-1.58238849321799,4.2671912926774,1
-7.19507975440847,3.96765133685022,1
-5.92071264327389,5.72864294791767,1
-5.37997698560443,3.46819565329265,1
-2.98386555784691,6.17410255323417,1
-6.37257262707636,6.14362775427221,1
-4.07656017204006,2.58696504676599,1
-3.1308924650835,4.66674644754015,1
-4.57928863531901,7.12317412562218,1
-2.82972298141579,0.190259330543515,1
-2.89734371252911,3.00343972686507,1
0.13386156105275,0.96899900701766,1
-6.44073842356106,5.24976344035294,1
-4.92766601078166,5.44420910839168,1
-2.30324250353665,3.68655145836885,1
-4.2608303913407,4.09650763349392,1
-4.44256624529445,4.57599566468249,1
-5.22258812698632,3.03400297133645,1
-1.97832166775191,2.01971592946118,1
-2.66201254437907,4.55640133108911,1
-2.48694484985468,2.79840203636697,1
-3.6542142834007,5.83178882407425,1
-7.09781892505439,6.34259455360565,1
-0.314969090934337,1.53324490894238,1
-5.38259484599069,4.9391694041475,1
-3.03219073572382,4.6147352525826,1
-1.24015490317879,3.33100301830051,1
-3.74016989580338,3.15357188500284,1
-4.19961075367046,5.40920364399743,1
-2.76411849796172,7.60125821547002,1
-4.59355233409611,4.28912478642022,1
-5.251214681904,5.09053430132584,1
-7.85189161786131,7.37155342060458,1
-4.36187945593478,3.53095638830181,1
-3.7350882135899,2.81422071421646,1
-1.38044522319062,3.3291318094142,1
-2.7976362122955,0.796310057410019,1
-2.1972607058322,2.30191359933429,1
-4.37298683335575,2.95642557776209,1
-1.58632663700629,4.50946613064813,1
-2.40012799652791,2.80451151202583,1
-4.60045391812221,3.03451120372352,1
-3.83581345853531,3.28303426779661,1
-6.51952011812288,4.12203669397888,1
-5.49551214509569,6.08440965364196,1
-3.38025841640951,3.32897647905928,1
-5.40589109217706,3.20515966082909,1
-4.35135092551041,5.05113786414594,1
-1.86895548962301,3.80556244574718,1
-5.20421238975915,5.39182965162655,1
-4.19628551592411,3.29152275198009,1
-5.86406744878342,2.85763148796547,1
-2.72775488772021,3.92867109837925,1
-3.03933653878627,3.60886481152742,1
-6.60195657004586,4.79937956106104,1
-5.49336690866349,3.8876502893889,1
-4.96111001750503,4.77808345333027,1
-8.58669658345202,5.65028936996526,1
-6.19664346239889,4.49658352232252,1
-5.3635870694577,3.99171006201018,1
-3.04563154664786,0.545263904545748,1
-4.39571346239099,5.71818434072029,1
-5.96907837024559,5.63924561362291,1
-4.45013149641074,4.07383540476821,1
-2.71287688614923,6.55643083967882,1
-4.22805177597523,5.6502432100709,1
-6.28397509422833,4.07169845227797,1
1.20849791392754,0.210309047522781,1
-3.57260359882683,2.46495954942632,1
-1.37244689764247,1.63441085973376,1
0.663820012051699,3.12291622972488,1
-1.84442952059653,3.38887277573257,1
-4.19557484049331,5.9608139216851,1
-7.54991695473696,3.64547056424437,1
-6.65943065896843,5.27362448216146,1
-4.81024417001345,4.53266140765942,1
-3.74173601627631,3.3866550470244,1
-0.845310417118965,1.32991361568334,1
0.153808871411004,3.95150776428014,1
-2.51405036285583,6.12557125210785,1
-6.1704594480932,5.86521305582618,1
-4.34025368902968,4.97986553378749,1
-0.130733254857129,1.15018534345891,1
-3.96025895790205,4.77342020492547,1
-4.11111199815262,5.97422892862533,1
-5.70655454055157,5.69972399045674,1
-3.40695464674782,3.99513822496788,1
-4.94163458910205,3.94145464255015,1
-3.24621806065346,4.50336742036008,1
-2.0310929929499,2.03234905675933,1
-0.941673334088001,1.18328618655583,1
-4.02900945268794,1.82385896639724,1
0.262352361026745,2.19802456732452,1
-0.868499784408783,1.86592851270714,1
-5.46604050935505,6.04140564632122,1
-1.11228898053164,2.81937424374965,1
-3.15591755807695,4.79288625608723,1
-5.59082856073188,1.651842599539,1
-1.79936001417053,2.45768129662464,1
-2.35593027588925,2.21849271402077,1
-2.97662469308732,4.69374168612854,1
-3.81730392568444,4.57617134539608,1
-5.86164173156271,8.35027144247793,1
0.170534154461243,5.17198275891609,1
-1.75840405224693,5.15475539283201,1
-1.05299795065687,2.48648064067585,1
-3.14981049122023,0.213547376671975,1
-4.7062301976201,4.99667833280848,1
-1.93714209778763,3.22679023317877,1
-6.39044225281522,4.42868758687882,1
-3.20595157179342,5.92159353237201,1
-5.25177024324693,0.476010960049906,1
-3.94716588643594,3.33320295692211,1
-2.84590768970783,0.938923404725655,1
-2.38446614913984,1.81794068807935,1
-4.60948344249578,4.72827733457826,1
-4.51389966062602,5.46442706115204,1
-8.35636363432234,5.06724631746949,1
-6.55316699048399,3.7734691765642,1
-0.414797908294446,4.93420478927335,1
-3.38272455625662,4.39648046413525,1
-3.03807492558609,4.88066803382099,1
-6.19899199556019,6.16598439364834,1
-4.70446420494755,5.96597203611741,1
-7.49946643911698,8.48813159784437,1
-6.77493415987422,5.89623262211731,1
-6.66735136272618,5.8031101215191,1
-7.30906648685954,5.57956936268996,1
-6.42022520695205,5.5771441226972,1
-6.1667394333365,4.69643066676324,1
-5.37624714160111,4.46984565846539,1
-1.87644327932897,3.60813082804112,1
-0.536913793995943,-0.0922164715317102,1
-5.37173890220804,6.01893674395309,1
-3.49326919184944,4.7347727596305,1
-4.28637357763288,4.50031031745449,1
-6.04336199074613,5.74240677758111,1
-5.7767648814526,3.88752236369991,1
-7.2607300412883,3.83876332655589,1
-2.48211985370067,4.27212973019504,1
-4.05367618842972,5.50745947383632,1
-2.13721102330253,4.12226962754405,1
-5.29948363255015,4.04885902960506,1
-4.70634701755236,2.26531207453217,1
-3.07847979396683,4.88424049602651,1
-4.03312760276519,4.77141319232484,1
-1.50733508507058,4.92938599643814,1
-5.50714779092426,5.18589720256648,1
-1.42314591725547,2.64929486707464,1
-4.57653893974784,4.81070041770427,1
-4.25173777301649,4.38210707078186,1
-4.78176011431807,2.42450807177053,1
-4.93660085507994,3.80366512092857,1
-1.08640451990929,2.21740165049001,1
-5.38872283488309,3.80220168025704,1
-1.77613109588542,2.90939659862443,1
-4.24314484733633,2.87511869130385,1
-4.11904979365194,4.3557289666213,1
-3.74521479926064,4.34224764120352,1
-4.12791349543792,3.49717274691774,1
-6.2995358294738,4.23424406242098,1
-5.73060927395324,6.98090082465157,1
-3.24651461134357,5.5645893694911,1
-4.48601728645389,2.76599794430365,1
-3.68186212832783,4.6767662500094,1
-2.82914797105467,2.99314877450462,1
-3.7430995199595,3.42453977367957,1
-4.75297908330579,3.28394784945415,1
-4.14438787106586,2.13089160565396,1
-1.64128830811738,4.75070149361264,1
-2.83176384440415,1.118563426864,1
-2.60883131092259,3.37759680124685,1
-2.43249324042161,3.76894858529369,1
-2.34413545656698,1.30678728475295,1
-5.33143772116895,5.53387453804013,1
0.315100056531478,2.81382432834707,1
-4.26650954301746,3.85490299345755,1
-3.92819010579165,3.31096506378453,1
-6.60654577085987,4.48699376641472,1
-2.12070347261048,4.20476781689988,1
-3.00918175670497,1.23937728398301,1
-3.66756849532596,4.48486566758678,1
-2.92902707379124,1.79428463915579,1
-2.50044861219632,3.36204362614362,1
-3.37901883804048,5.2312551453607,1
-8.3807102837285,6.80062148417773,1
-4.18641607780383,2.91204419249037,1
-4.28747627141504,4.49205948089417,1
-3.24591556894813,2.09856719772589,1
-4.52090187662309,4.08203635714543,1
-3.74955462208225,5.55769954896939,1
-3.83268964829512,1.53833034378166,1
-4.30258904569523,6.35100501798141,1
-2.83068603355294,4.54841462813966,1
-3.8528776683215,2.23744298368636,1
-2.48011670694011,5.79138642504036,1
-5.03003472031152,5.18232371379625,1
-1.24665049167709,4.24724679108362,1
-5.4767421457043,4.88424827397605,1
-4.49982930503832,4.10960731992294,1
-6.57025804480762,6.3594221734567,1
-5.12033268482108,2.89292392689382,1
-1.80868696722455,1.06512013072824,1
-3.18034855163756,3.47182504079786,1
-5.65559106344682,4.4926395812314,1
-3.12350684215536,2.41550045537604,1
-5.24741325658376,4.70870613489958,1
-7.65513834824194,6.12015542196439,1
-4.93771156346845,5.55894877942483,1
-0.554618687444694,4.54802572616285,1
-3.62689450644984,3.66176391382627,1
-7.43276209412183,4.5420515521285,1
-2.76724058302039,3.40726121780522,1
-0.603666425272978,2.33278006926549,1
-4.07216010441633,3.91394258308058,1
-4.25993300056421,5.40093114947869,1
-2.9499530119635,3.53565900684454,1
-5.44099527676969,4.47685735277427,1
-3.46391599872566,1.98292533620576,1
0.42591711010808,1.33702459425786,1
-5.5236124862918,7.03588348577762,1
-3.87034826498016,3.37235638038895,1
-3.27566602021633,0.858013773686908,1
-3.22503084865104,3.42566359748315,1
-2.47936873746667,1.91379039536892,1
-4.35997057283479,3.16896902206124,1
-5.29539110477437,5.0206569547816,1
-4.10947849559899,5.8479822540933,1
-7.35503867344167,6.64740374190735,1
-4.3792983825345,1.93424534531478,1
-0.134302041760452,4.9779197568224,1
-4.97746982927687,2.18029066242263,1
-3.35759777794232,6.00734777458076,1
-3.1034081468238,2.55026952157808,1
-3.29334333001823,3.43829044700435,1
-3.8635504405409,7.42337785856404,1
-5.12261653100101,5.17942251453717,1
-3.36578426184349,6.21248121135213,1
-3.55794441394663,4.20068275547103,1
-3.6971116577566,7.05665792597844,1
-2.92049025190381,3.95662471363361,1
-4.29468332166539,3.65752188839983,1
-6.06538427755895,1.93270906548421,1
-5.33417423987385,6.16408292494634,1
-2.7647530686978,4.23410918902327,1
-2.18058394047283,3.07340851357107,1
-5.10103912007358,6.56373206590626,1
-6.33837174244643,7.00581679326412,1
-5.78922128299786,3.31781277825512,1
-2.21386863012274,3.02271042443906,1
-2.37690429889127,1.76808846121217,1
-2.60894302614568,4.75859303965118,1
-2.27999831052435,3.07314414668788,1
-4.05040701937016,4.46865607450688,1
-3.72060159346918,3.32463090162248,1
-2.72851317571396,4.77700158403843,1
-2.36897036529303,3.7721942147007,1
0.509763415168019,2.9871225768294,1
-5.70294510255119,6.27731452565775,1
-3.80132792494966,3.72676966522451,1
-3.22229982223103,0.815008774604318,1
-6.04579168704606,5.88316040869525,1
-6.62355952244984,5.47972819361937,1
-3.71184631821233,4.57434772085129,1
-5.24744443904627,5.10833378286521,1
-4.00013176464393,5.06821489569691,1
-5.68684849146192,6.13673839937593,1
-4.17245665562389,4.1967203114938,1
-3.8208361256607,3.05055010742061,1
-7.92404733237862,6.96948842595207,1
-2.65808420980367,2.98705768098439,1
-7.56574989805515,4.0220533533516,1
-3.54830126081304,5.00264926570675,1
-3.96156193743968,5.26432092315291,1
-3.58985263888733,3.22585266529568,1
-1.3027840215047,4.53201179410677,1
-6.72656283920325,5.31419739583653,1
-5.21618533828126,6.85626287918183,1
-5.34925010434706,4.46259312828142,1
-1.25513743433216,3.05384694629372,1
-1.67071174295557,3.32037954772286,1
-2.74746741586403,6.44406324288196,1
-6.75623132407192,4.29924869916331,1
-4.81505907844182,3.97089042695123,1
-3.06965899212985,4.1077354375905,1
-3.37573943676439,4.43264875910325,1
-5.14954780548201,2.97238140915613,1
-1.3302761460664,2.42766142036093,1
-5.02125441446394,2.25703606577392,1
-3.31419347717989,2.75406716364422,1
-0.458820967103888,2.62172929083885,1
-0.929530882584962,2.24620314598494,1
-4.3472939018349,1.28201808412183,1
-2.66229611487236,3.24565360017832,1
-1.02086506821732,1.49189754868483,1
-5.68373807783728,3.23876872008363,1
-2.29289492628959,3.46235146167802,1
-0.693767800261025,2.60772830976544,1
-2.21310953935898,3.27151530627805,1
-1.80752447431678,3.47123237676391,1
-3.99746347162637,4.22225950413961,1
-6.27484776992397,4.00802783599624,1
-5.28619635300494,5.82960970742834,1
-1.25545809002075,5.66667431156424,1
-3.87231575543922,2.28383227808597,1
-2.53386888997875,1.93273080139216,1
-5.79759958281087,4.35963763929874,1
-7.14324358027737,2.26268387878752,1
-7.63225151633737,4.47560863509686,1
-3.50546713967996,0.898066083180662,1
-7.77414961244937,4.05259391354312,1
-1.47946456001821,1.46551823490852,1
-1.98110930965745,3.67043575539895,1
-3.46661273450217,3.32800616315294,1
-2.18639363499822,3.84059452168241,1
-4.18516936200159,5.09056125043856,1
5.86363535343603,7.90737296633444,2
1.63909801304222,2.95097270786578,2
6.35029832769475,2.03346843818166,2
3.53112144853344,0.130908635798226,2
6.60047887146578,7.07898912280767,2
6.17030911858059,6.12519904892749,2
3.09550805384116,2.3675009591339,2
7.66308225823852,6.34091237352832,2
6.304650915585,2.56051167438709,2
4.57762172949066,2.62772343167045,2
3.14746908771958,3.03394391587274,2
4.64008428943468,0.797801567256761,2
7.2848547705037,1.83973073504615,2
2.42132298654732,3.98399609707511,2
2.14995196064237,3.09263624014307,2
4.69772209229717,3.36147688039939,2
4.88348042180071,5.05050219654237,2
5.58867439442445,5.74463317541909,2
5.13468838219378,5.00129560283474,2
1.96020496539355,1.79011353473426,2
8.32637392606625,6.06771712317277,2
5.47729637824477,5.43816455677322,2
4.79779778159952,4.59425915396202,2
5.04273810372258,9.35726799309136,2
5.11994799783541,10.2512682837816,2
5.72642544193725,7.50882367219504,2
5.19761978360559,1.22972774164476,2
3.09387604592405,5.24133053766164,2
2.37838988868797,6.30860312900246,2
0.996990906751671,6.16256248160454,2
2.02210773624508,3.76053055921423,2
2.57149402477604,10.1355746112229,2
7.16106201367185,1.90763910846134,2
5.90348154616718,3.38843104096904,2
5.34266629567839,1.37867123456655,2
6.71766194670656,2.32311664219334,2
5.74961173774261,3.09821437052958,2
3.18789203392085,3.01914168873259,2
1.7334579074032,6.40875242508794,2
5.26042769733129,3.85360899330889,2
7.20364416283634,4.21417720693165,2
0.65750327282271,4.00339867303652,2
1.95806396207596,7.5544147988257,2
0.552567106769033,6.78072983366028,2
2.30634337749495,1.36423374779146,2
1.79626785271261,5.31012702823919,2
7.33989962804304,5.95239406062357,2
2.57982652228828,2.82123428724612,2
2.05864220354092,1.25525256420424,2
5.37848714148304,3.74513959062912,2
6.28666750783561,3.48638257480666,2
1.47744782921791,3.85002534045428,2
2.53628651153543,3.76308736624553,2
2.68694052184786,2.9757060447772,2
3.1936427024349,-0.159985117810487,2
3.77342469678012,1.88530604200878,2
3.59967264414213,2.9351964455812,2
3.82687997468683,2.30943135155578,2
4.41321629583051,0.27583740949868,2
4.14333094922601,3.41060200046391,2
4.02598375297071,10.3912283863551,2
5.55278810378416,4.98490519870938,2
2.90751359603665,1.92106796953855,2
4.414945223086,3.08704097432613,2
4.15826353890314,5.92279876406292,2
0.271532957006321,5.22926753684145,2
4.60378099353005,6.0476844007854,2
2.72960247677041,8.93938112185654,2
4.31944407851395,0.976937393069417,2
2.96554664916229,4.34756191890314,2
6.11651672691153,2.59511437782151,2
2.14533748605332,3.25509483436049,2
1.97541132121798,2.46534324770611,2
2.79148638827884,2.45656482417566,2
3.13307855833459,2.67795098195738,2
5.09090937184601,-1.59977431145538,2
3.46595166347606,2.8740946842959,2
0.188861492030686,1.39822582306876,2
6.3713669109658,4.27730540260738,2
3.29266017877527,4.44318923091516,2
4.02052209622934,5.22802001235888,2
2.98923323327161,4.06259471696705,2
4.78303601466,2.94937594277014,2
3.44843474844111,3.78901718513859,2
2.52139848513266,2.64574955604178,2
2.92721996106198,5.40718550645428,2
8.81817092139827,6.83177419847384,2
3.79992765164162,2.14064992277874,2
3.13321393678024,3.75498437562809,2
2.73894868302862,2.71897272646873,2
4.8571620464502,3.4392095035518,2
3.3370725231401,3.25254937794675,2
5.2187839266811,8.04907193674588,2
4.5976431463877,6.36643098321257,2
3.65810877960461,1.99807168608764,2
2.16159053766708,7.07822902260409,2
5.72459314122816,5.3619954486419,2
5.47449917741748,1.63684820531768,2
3.41016185860474,6.62900631675939,2
1.70323497258866,-0.40494389014521,2
7.45503395652747,4.55400424563956,2
6.63649739001997,8.340591861087,2
6.14755692213552,0.733535013463056,2
3.77175374116669,2.08350772356661,2
6.67464336817782,1.07109935846153,2
6.40902963619316,4.65531942052293,2
4.51045736324752,-0.15821905325926,2
4.05162965544869,3.78163789489576,2
2.92806340817873,0.339515346961621,2
3.00123732616709,4.01057361423406,2
1.33656549073261,3.96565668985759,2
7.49615826915018,4.78208456260296,2
5.55576435959147,4.36072337383397,2
4.63675510313258,0.542794639207457,2
0.572373423203873,5.26446871288493,2
6.48391301540292,6.12943013054211,2
3.701644610601,4.0175744889641,2
4.68104830729801,8.15476185843038,2
6.21361170775491,1.2120801649899,2
5.50320952640926,8.04379027196568,2
6.99555308461573,4.24594221632411,2
0.9186638898587,0.935647535903261,2
-0.877686644704474,3.82444016185751,2
2.47386963341932,2.38836918194804,2
4.5095836429086,4.32546803087937,2
1.87820383274116,7.35957291845513,2
3.14600237094606,3.49919911882445,2
3.42624462981767,-1.66677927429725,2
5.41661797093044,5.45366976630279,2
2.99683804122251,3.0156726988319,2
3.45846851764019,4.65937291360097,2
4.31059561543173,3.98195901987559,2
4.89263678556768,5.75799898665858,2
2.26214413115578,5.96191585723471,2
2.86273278018383,3.36668370500798,2
2.05641024062559,4.13157311804834,2
1.07682949890853,4.21743284025987,2
4.9908358520224,4.03746665113545,2
3.82938765716382,6.25856123746023,2
5.11549864856786,5.53157229799974,2
4.378743100698,2.73463966860785,2
7.50880984727896,3.74804657907062,2
2.73763608485939,4.0922307741128,2
3.52476957714531,2.56529783258709,2
6.93682579654695,5.84268039748189,2
6.11746113179893,1.0256343839926,2
-0.733866107631811,3.94035404028969,2
5.85578830105318,1.8681375038082,2
7.1612025096401,4.3275654574909,2
4.3419439646383,3.53770963186708,2
3.47075921993332,1.05382633655797,2
4.66568450854408,4.23161532105673,2
1.72492774481668,2.52475519820428,2
5.02220883352561,4.38995021717274,2
1.35672994412805,6.00449777451279,2
3.60150871837318,6.56074780719093,2
5.45405183895553,4.08789502759857,2
4.93318584552537,4.31538271251392,2
-0.689902427820875,4.81923087035108,2
3.70490088051024,4.46761225469389,2
2.76269966312366,7.69822693221618,2
3.13539118746017,4.18371838431348,2
3.59290524239908,8.2881790065014,2
2.58730214094585,3.83212158593717,2
3.30019964220343,3.22914499413519,2
2.82738829480077,0.516440907370625,2
3.1586129856214,5.52782980011423,2
5.59590773020642,3.79969602937959,2
3.9167503197446,5.3382181338349,2
2.77006810995326,1.99292009011572,2
3.38261010616679,7.93760812142998,2
5.2782711603259,6.06626517321051,2
5.33379816416682,4.94952425962143,2
5.35052568918344,3.04627993067785,2
5.21358677849132,5.01728563104428,2
3.15715483113179,3.57492486687108,2
6.11749786705137,7.08878232682235,2
-0.681665124333844,1.01057784210144,2
3.25204621947109,3.86765632248992,2
4.36007164316935,7.46722557203536,2
6.04630840971702,9.12162137108606,2
3.65168754167697,4.38727543290429,2
3.80394314897739,5.11600829977669,2
4.95167664671696,4.54258506182232,2
7.20025871210566,0.902058559773491,2
2.69729384888832,2.20561737443884,2
3.85229883318397,4.15885824297322,2
4.75963755433754,2.67837350009247,2
5.04496844009099,4.036128345289,2
4.44672602448286,5.6176632883269,2
5.38650016654642,6.10927580374443,2
1.52837080216407,0.759775521497021,2
3.65635541676159,2.86519969586944,2
2.99868252488544,3.32869992472498,2
5.90435023841759,7.30025223406721,2
4.37147619585429,4.89316101373841,2
1.43682368042152,1.53795747365904,2
5.05505645702514,2.54093121310415,2
4.21240154194573,2.20788247704941,2
5.01937976283798,3.03582789871167,2
2.71375524340623,6.2958785097641,2
2.08465950778765,4.39210480212531,2
5.36405870353522,2.76377907713331,2
4.0936217127875,5.56873157108913,2
3.27764927953186,5.56532895797059,2
1.58168838818072,-1.82778635637381,2
2.16592303518546,3.4426269064668,2
5.95845445407387,9.49438283733608,2
4.0425546667387,4.96035118712505,2
3.42381790171557,1.98825110939467,2
1.64883690354713,3.19189123841958,2
5.46721707581613,6.60186317810263,2
1.53244885474003,3.12420675042036,2
4.38162812981293,5.46092673771772,2
2.68393204081202,3.69699726178166,2
3.98523309874468,3.96294674621931,2
2.7796190244029,3.2637083887962,2
0.912394745505834,3.13763621473892,2
2.09821366184232,3.75707150049875,2
1.844577340378,5.85554541315866,2
9.1508700153097,6.4532610188336,2
5.7932958772935,2.20552246806471,2
2.35401733805645,3.75143671077581,2
7.07067481654641,2.97121933939533,2
7.60490168892801,1.89158953506056,2
3.01632903703227,7.79254370790085,2
2.44550839067076,4.40295376887947,2
-1.05462449244892,3.78213887119084,2
3.40458253415072,8.96022745077023,2
2.84711900765756,4.69228867316524,2
7.35424518867243,3.96461344773027,2
2.37460032259348,3.50156677132155,2
5.83758259303271,3.38304470981115,2
0.598259544653742,1.38801458298449,2
3.07782735135431,4.620239137906,2
3.116199689214,8.51941947179118,2
4.47762089472572,-1.99658139219493,2
3.84075502194359,6.60944952780388,2
0.37683518402802,6.0362588402469,2
3.10248163154308,7.2219396923365,2
4.30600180978891,4.9611745056694,2
0.970941193878258,4.53595164500719,2
1.8455501561951,6.20710462688033,2
6.09688746449974,2.07471097017738,2
5.032687487785,-3.42862714466493,2
6.16595859666593,4.3390947916834,2
2.6589052434871,2.81152451218037,2
-0.108026881012054,6.89884290382147,2
3.49013076078817,-0.286951763469689,2
3.32113290574889,1.05926223769449,2
4.66334898531986,3.92585940440572,2
6.06138453258483,4.75183346309684,2
5.44920586319569,6.02760754126488,2
6.46245630373019,5.1284500577464,2
4.22688793024137,6.21675303103007,2
4.06312948093593,4.13308770230793,2
5.16875168815471,3.94120679917539,2
5.82956119848169,5.99045775064315,2
3.40900518707954,3.26934466889138,2
5.68339642694834,-0.497695112098673,2
2.56328598248554,8.77165611572515,2
3.29803010993459,6.31338493582214,2
4.65151554526953,4.65878480420524,2
4.17474658902457,3.10346675150758,2
-0.905603322571947,4.6193363338473,2
6.99742234381242,6.46479333701811,2
5.70969149585122,6.7647912216689,2
5.4452246772558,6.63740701198365,2
3.95878696552595,1.66178107946567,2
4.19780424473546,5.51105827297626,2
1.86680046271556,2.75338814458592,2
4.50974266722702,2.37614019453827,2
5.02840325579844,-0.491914849814322,2
5.03067148095534,5.54120178672723,2
2.56560126442873,7.10769883168191,2
3.93203068808055,-1.35102896278449,2
4.22545460162744,1.15280340096189,2
3.77826111992158,8.70720380132287,2
-0.0868409292168595,2.85176503018373,2
5.19903405158324,7.09850452882059,2
4.77619147093762,2.51350830975714,2
4.96952646479775,6.89958929444747,2
3.01163067444694,2.58064193485009,2
5.5333237459571,5.37324222564967,2
3.24382755681594,1.34368826787604,2
2.05188806614778,1.26563752508998,2
2.13167026889492,6.13004192795637,2
6.54112590915431,3.59339560624894,2
2.73253140204856,4.41070942689954,2
2.46679328186775,5.3568775758744,2
5.63149570103723,8.7493420701245,2
1.54849208190368,1.92214478242883,2
3.47486396960614,0.514674184169185,2
3.44490984182201,2.29067001086565,2
2.39094994170252,7.24619007105124,2
5.92870846520448,1.31846152556883,2
4.35362050795194,4.25453247172176,2
5.53915561095317,6.3348120402162,2
2.33113021262205,9.58401265157994,2
3.25330598851571,4.84537316166924,2
5.75905778529582,2.48058853599019,2
1.05616297199271,4.7213910643525,2
3.45834726877352,4.49384420620333,2
3.93371871838197,8.92795401571208,2
5.06362769745789,0.169137092117356,2
4.70374920739963,7.5585395579339,2
1.71055864500977,7.50083120293341,2
0.375440394188954,6.66439335551607,2
4.75923465907511,4.8170589852267,2
3.11181358175391,6.50792837895311,2
4.29532590011017,-0.501361837294231,2
6.16188430936205,2.34328682071216,2
3.8868605042327,6.70348419150088,2
4.34795364592592,7.26138970360424,2
6.36757690830612,1.63071797075973,2
5.85400189327371,5.84030547144302,2
5.30653634613784,2.61911071353429,2
2.34660294470741,0.0457822610224383,2
3.69406191156813,8.06394522512303,2
2.91453811938297,3.05993233678868,2
4.82816557738239,6.04600013984687,2
5.50006314590115,-0.463122620313369,2
1.36180312769114,4.33759709478695,2
3.44713202984339,9.22878826013954,2
4.48703211581531,4.34556566702616,2
4.60208970080859,7.00114591912614,2
4.13664618181874,2.40790764334224,2
0.550464701706205,6.40914603943237,2
3.3947089423796,3.17969529111102,2
5.51608070765907,5.81288075644872,2
7.92549884952455,3.73863956189235,2
5.49987957948649,4.91707391567296,2
0.886582039775345,5.49350511712417,2
4.79916916307694,2.08751497786773,2
6.05546674081531,4.35104222422729,2
5.10136545204004,2.59491677812504,2
2.10112810012165,6.27105959150242,2
2.9324280361361,4.18878760063237,2
4.71072972193051,4.69079982942034,2
6.63564254322809,5.89770528020974,2
3.84380732300861,5.99540848669261,2
3.97557612621733,5.03694733655383,2
6.28499237345195,5.83379275000711,2
6.29100295180829,2.1340322785955,2
4.71988085595063,9.05186817808476,2
1.69208057230347,8.21268097197948,2
2.96012267313833,10.0903171574763,2
5.25479486565332,0.0569241123106186,2
5.91265103642667,4.6042396016625,2
5.07501443529024,3.20879019500658,2
3.12279928553955,2.14191112995907,2
4.49078549885924,7.54681118972123,2
1.27109627589735,4.83053812324064,2
5.64382877289602,-1.00562574709378,2
2.84788054956685,5.73776607844164,2
7.52442240344116,1.47625405654672,2
3.14372813190848,7.76057160805319,2
3.28739767344556,0.828618748590172,2
3.10921407276116,4.78699940748778,2
8.00525125805563,3.71192181086096,2
4.97018199896378,3.50161888882008,2
0.916238565387558,5.438369753845,2
1.40573495809726,1.69546693681954,2
6.18325717709121,4.19152654081407,2
4.52793010357833,8.84992948785933,2
5.33224588491985,5.7068373182975,2
1.64646761640513,2.66564216131206,2
2.62839812145857,3.09628082393877,2
4.66922697680651,6.43150504546038,2
0.486598178664284,3.58390151522218,2
4.0179852638656,7.72980836180994,2
4.89587380776534,5.82954912258176,2
2.03200595741679,3.27302623864777,2
3.32768588446505,6.38220512337653,2
6.31671454067278,0.329086741366289,2
6.90858350276514,7.38688160894739,2
1.90695913836831,3.20739038865718,2
4.76517293442504,4.91086235626074,2
4.29120552409717,2.63697343973138,2
1.80071701322151,4.71916137014697,2
5.86913954210358,8.37316846908208,2
2.95333638770324,2.91602847027386,2
5.23696897521137,4.61445744176451,2
1.51428582341895,2.09284964978265,2
3.95689104292327,3.60437681696184,2
5.37819927893633,4.52229334791711,2
4.96956115155418,4.23764718604164,2
3.00422614962873,7.0056671327903,2
5.07946397598298,7.16147870745097,2
2.51074959016388,6.29155662922732,2
1.76399376010069,3.84816094773419,2
4.62946815634096,3.58963076164679,2
5.47528284407153,7.54818662230041,2
4.84182834220278,2.09407892403376,2
2.06553258786204,4.9555766459819,2
5.19243903325859,2.89171095831809,2
4.30453930858381,6.48433061384129,2
4.05794372998074,5.15865076869622,2
3.42248282362621,3.70293409357897,2
3.48269511425636,6.83834805597805,2
6.00992223204868,6.39779223961593,2
2.92249658727882,4.64453194467253,2
2.48639092746494,-1.24425298269514,2
4.34495229644949,2.16687419304172,2
5.01236334101296,1.146641653941,2
3.6381233501251,3.88357584422552,2
7.19076638175855,2.24802882778291,2
5.82174206984376,-1.87567827341743,2
6.35751793465757,3.10737599113335,2
6.29826032408054,0.182818308485996,2
3.49242102161272,3.23931535896914,2
-1.53877614302461,4.3445085206755,2
6.51495638104967,8.14564721793645,2
2.97783614164768,0.713769155700483,2
7.911992695233,3.61715700101457,2
4.57270447245059,7.3364756946874,2
1.76299688447574,3.5181561279255,2
1.371633312125,7.46864290902528,2
2.89396013415106,3.99173936672027,2
3.71402205937761,1.52833559929028,2
5.01865201258524,2.66444028957069,2
2.14362330991795,6.72249922190623,2
6.81738633819122,2.91184112152203,2
5.81804356361634,7.58808979368801,2
3.21671283108343,2.49859370870815,2
-0.17401489221914,3.12869994727246,2
3.85600298234745,4.379903188841,2
4.52739369170429,6.09526882104487,2
5.62496670065863,6.81511186749007,2
2.9501895372417,2.86333816469629,2
2.42755412804075,7.50673778269375,2
5.38267186695592,2.74492430242645,2
5.79962085775868,6.74323021045413,2
3.08948507839039,2.77379555181831,2
4.92728523095229,3.64280660231104,2
3.7388757949993,-1.41058114200942,2
4.19244616751941,4.40403231073237,2
4.10533505602498,3.19642789440717,2
2.18389570441279,5.45823851310659,2
2.0969254323576,7.07973982525631,2
4.2793336911795,4.72849489980206,2
4.78337254722644,2.98693977738627,2
1.52108163617379,7.66408349051567,2
5.23560754153826,0.0579450345649288,2
2.29050930118658,2.62038555177503,2
6.33880043610831,6.79738024019779,2
3.54355779074329,2.14634779829918,2
2.85672333600158,6.06797864860191,2
5.87562446157288,1.83698605870458,2
3.58902934504059,3.43897070923283,2
4.06892937974873,2.44414202932274,2
0.264220668496244,2.22016197812866,2
1.04228000260329,2.85205848493729,2
4.88435305690707,5.82447093496813,2
2.43364846617151,-0.244246017676219,2
4.47337395158026,4.54802387662307,2
4.86370695369209,0.503121679584471,2
0.331040816154094,3.25290550952717,2
5.44497046663636,3.77442879005377,2
5.17979697719715,6.97457595181607,2
3.04217972231507,1.28130194761295,2
5.61294182987983,3.35988995268455,2
1.65310789796373,6.72550934919808,2
6.60244958996898,1.07026593403817,2
3.59233841529445,-0.453347497824318,2
0.182030573792974,5.33246931178322,2
1.18868150718015,2.86523120304907,2
2.76771733774575,8.10688608145094,2
4.7386554819344,1.49519916366239,2
1.62092859108116,4.07731372903922,2
3.27745716470626,4.90188889001724,2
5.58219146204597,3.99438420381615,2
2.77391892657293,3.61230897719446,2
2.34774328469075,1.33034653652698,2
6.33419661459153,2.64285126934716,2
2.96368286853635,5.71721302777816,2
4.39078965288047,6.68336731698597,2
4.53330022455665,4.35784355038547,2
4.58557722139611,4.89136372668195,2
3.19858064602906,5.36596834924969,2
3.04400124011465,8.93227551342578,2
2.06658287854327,2.57466310240874,2
7.28376560988651,3.78470947812256,2
3.81492177454863,1.01810316468421,2
1.63867315777986,1.77450616700069,2
6.29841579809986,4.3413086709889,2
5.19057687955848,5.1939867266165,2
1.94691968849527,5.335108031526,2
0.756912001577794,5.0884466947864,2
4.83622056272177,1.6501798345413,2
4.57205758382528,5.49811799657379,2
4.43087518745,2.78962329217051,2
-0.321421996942048,3.23754696144421,2
5.10053209555792,-1.58996213326483,2
4.94791416452748,1.41094198382098,2
6.36451117749748,-0.529186496822017,2
4.54522825178105,3.13929688655252,2
2.27736589261115,1.71467098606918,2
2.24035466286655,2.89023333179381,2
1.15740863733062,4.64703832238794,2
-7.40518826432134,-1.53060430125626,3
-2.17355876475537,-0.804000576584652,3
-1.75302660348628,1.74768120776199,3
-4.43510961915841,1.85166374646134,3
-4.48340301081641,2.39978049051784,3
-4.41998604031443,1.05864343953783,3
-2.52809982639742,2.10432038118479,3
-3.7898371819374,-3.33679412729121,3
-5.84426920576723,0.115801052905548,3
-5.95164939461009,-4.55353605262356,3
-5.19843727679834,2.0947889570341,3
-5.46879085615187,-1.14667957035753,3
-5.08260841134563,1.78820462793148,3
-3.63683378666653,1.52936279743097,3
-5.48910912029547,-0.774622549811487,3
-1.8927147523614,-1.48739336157639,3
-4.73530489235988,-0.533762885448501,3
-3.07280630242689,-0.362278640521321,3
-5.01060753501569,0.234217268087473,3
-2.35212997351573,-0.463467496827985,3
-7.13995272394175,0.770250410031,3
-7.753503298907,-1.88026189391743,3
-5.80041588658813,-0.211661349343474,3
1.49825058791869,-0.6157707557412,3
0.0964658646840464,-0.299118838565565,3
-2.23365199006151,-1.14994355859818,3
-4.45996040256507,-0.915943169459533,3
-5.15900925609017,0.297494681119067,3
-4.61157915838995,0.569296974489551,3
-3.39314090202743,1.17589917298419,3
-0.325335694525441,-0.308742267940163,3
-2.37736060607412,1.13371374313333,3
-0.487160076028374,0.71649103947775,3
-6.85787182769183,-0.736779157580357,3
-9.41725976799437,-0.825925728269198,3
-4.8769524432871,1.20838781884483,3
-7.05039596798415,-3.98191602660144,3
-3.40764841305325,2.03307319878567,3
-7.35573577402705,1.13516068934207,3
-2.93158063388781,-2.0624215070691,3
-5.21419728256263,3.53074689365324,3
-3.23225116664753,-0.120374420448161,3
-4.40705206925665,1.93105293165985,3
-0.595607293764136,5.05505631519408,3
-6.70363621667349,-1.22927413717021,3
-4.79574075886582,0.261496509395449,3
-7.56193903324983,-5.20649742563209,3
-8.01973288347995,-1.83960178914977,3
-0.779764101618956,-0.986480853425981,3
-4.82591465129475,1.66656321235016,3
-3.82430341776028,-0.918495559493098,3
-5.56113064089113,0.300967426461803,3
-3.24899976516988,-0.423269410785351,3
-4.47060210973704,1.23177935114779,3
-3.64333630730615,4.63933430609953,3
-6.25916568610286,-0.1777791221808,3
-4.83070438843676,-1.5707114094033,3
-0.340201472639982,-0.933590783457633,3
-2.16237899060503,-0.925659801522956,3
-3.52195465518516,-1.07599597504705,3
-6.12138831483604,3.68220737022711,3
-3.41607710813273,0.0326663148180733,3
-9.20770268482182,0.181355917072483,3
-1.58266842564037,-1.48095628363267,3
-4.68752534933715,-0.950131196400423,3
-3.90415875828602,1.31388873252127,3
1.21762237914931,0.149240076353036,3
-2.5968004109028,1.41325673325041,3
-1.21114861249365,0.151356420950054,3
-1.60076639045539,-0.972380740664771,3
-4.85619421633527,2.65692596481106,3
-4.14407148948086,0.240590811373367,3
-3.89059660216145,4.6283220593552,3
-4.89756369335805,1.91110162634214,3
-4.56717862471383,-2.52083035955469,3
-8.58944226963874,-1.95988805943402,3
-3.85333966726756,-1.66656776652462,3
-4.37391893126744,-0.663554561613655,3
-7.95645938273922,0.00892758018966892,3
-5.39814322067214,1.26890232521934,3
-7.27793525190202,2.57283426889484,3
-3.5668951265763,0.342837903918559,3
-6.57843971125141,0.136349667347944,3
-2.98476057639877,-1.40990939940917,3
-4.38496824155839,0.247094067126738,3
-2.77879101010977,0.482361666878112,3
-2.21538626657457,0.728167104140301,3
-6.70154796015161,2.45776842677053,3
-4.41182760100177,-1.98682241208548,3
-8.1624860690911,0.958682101654231,3
-6.15055912048776,-2.41521931955473,3
-3.97263966094851,2.17899360284901,3
-5.41777847136867,4.5738766412893,3
-1.90910956648822,1.67737389180955,3
-7.00031203515398,-2.21705813767827,3
-5.63420434325275,0.255148877349014,3
-0.242087267022136,-0.698820335318229,3
-2.09934929232315,-2.33701183356023,3
-8.67655645492768,-1.60298019155783,3
-4.18199840934155,-3.39618899232217,3
-3.76141479680358,-1.12066517233097,3
-6.88877764040591,1.89986504867242,3
0.689005919923545,0.655450713587501,3
-5.69203974406741,-4.2893007618359,3
-2.11251793101672,2.00912541862252,3
-1.49560070732222,1.55355232615789,3
-2.7156521283002,-2.10907043646182,3
-3.55927904988857,-1.23626538621589,3
-2.61207323891825,0.625958454816597,3
-6.48715721287491,-2.33917935139585,3
-6.50595042777711,-1.86482033770879,3
-4.787062012543,-1.79642744418838,3
-9.6041435948202,0.879872459049372,3
-4.97305779123073,0.0978167804721267,3
1.9694560053149,-1.11162592980148,3
-3.15681745674031,-2.03867713439607,3
-3.30142441704962,-0.600084601863375,3
-4.50135803992663,-1.63775282458771,3
-4.25557393244303,2.40575879091413,3
-5.77328758259248,-3.40608132652296,3
-0.632702971630305,-1.08877382425154,3
-4.89710221027797,-2.35174018198672,3
-3.22101556909616,2.25644370881745,3
-6.20615920989937,1.2166852856554,3
-6.16750793120202,-1.4638215103013,3
-5.49019754849642,-0.733007459232312,3
-5.62063222263332,0.794142310076782,3
-7.65564092627976,0.424197200218508,3
-4.14943230194766,-4.73535370493755,3
-7.57524212824756,-3.4547295601564,3
-3.79937710154637,-0.885297261196841,3
-2.7853343827817,2.04082879451949,3
-2.29210582713261,0.760721007019358,3
-1.79222079186214,-1.7963520720394,3
0.286579931176745,1.0215938213751,3
-6.05165596384186,-1.19850016583562,3
-6.0722913937635,-2.0444045074014,3
-1.18156149976936,0.157609841993786,3
-0.513310577425683,-0.749928198927221,3
-5.09173850083554,-0.30161147033685,3
-5.66436906697372,-1.69572941718794,3
-5.24996987057991,0.0188361810163151,3
-7.5632997173548,-1.26071823211933,3
-3.38392807624589,-1.87639793965795,3
-2.39081563879624,1.6572247582952,3
1.67355698308841,-0.0192926791101238,3
-4.89628589568672,-2.19546563184525,3
-4.39726325493556,2.32965371859771,3
-3.09175662575855,-1.36128467418486,3
-3.30784469644009,0.161947511950277,3
1.55079238871453,-1.94446271152799,3
-3.16985650363889,3.39257665252029,3
0.958539088812214,3.39269336088484,3
-1.8453775369731,-0.0329269934005916,3
-0.37152641725487,-1.24614567183473,3
-6.41103159365583,1.7079955214289,3
-0.230929020385744,0.611755529918918,3
-6.16651692226146,-0.13684024595758,3
-0.752744320954868,2.79271453202965,3
-6.85961139619952,2.10099072838798,3
2.73042471149634,0.301813124331797,3
-2.28490202944128,1.05276263188052,3
-3.41465693404927,-0.0282063356693801,3
-4.40391127580004,0.67393617643612,3
-3.83469461718858,1.39819740532366,3
-3.67359417775666,2.00222352190546,3
-3.68708672619032,-1.51102575021885,3
-3.17979272143465,0.203031367595359,3
-6.59917264859165,1.17087680702191,3
-5.01927685623312,-2.26339320096635,3
-2.88509738345888,-0.189074849223474,3
-3.88190271290249,-1.13080996597548,3
-4.96363661482177,-0.506376763344832,3
-2.26542323811152,0.459652456065314,3
-1.7815090446202,-1.25034193636371,3
-4.80981008928105,1.4130315658978,3
-6.4342992579769,0.27172939182148,3
-1.39609421128601,2.68307882053408,3
-4.62661435662434,-0.129422923441564,3
-5.46752844498377,-0.475120817671815,3
0.315325441582202,0.391848325782153,3
-1.35612816963208,0.975518217469598,3
-6.22393768797796,1.95405543524287,3
0.255209508668748,-1.87845954765159,3
-8.11890120646547,0.952905230943265,3
-2.55987692722029,-2.31997187476484,3
-1.42661869628542,1.2113615173629,3
-4.60025553934217,-2.00567794500428,3
-7.94762966613101,-0.0199838832140099,3
-5.57942223866132,2.67111836249218,3
-5.36349600654124,0.275245728448676,3
-2.41642391675705,-1.16707434983024,3
-4.10457403948933,-0.988780413226038,3
-3.95314934874251,0.118386637255858,3
-1.63948574837162,0.912472797359599,3
-5.58930139496291,-1.28894892992481,3
-5.99499316119104,0.753454335658083,3
-4.68630678680397,-1.22679173086275,3
-7.2826176826969,0.0514394733382239,3
-6.89023818181121,0.465888647299155,3
-4.58307208268171,-0.528439397192225,3
-5.87619937405039,-0.103856150101343,3
-6.10441914467019,1.42611478316084,3
-4.9434486526851,-0.556619558626029,3
-0.86707292136379,-3.64532344854072,3
-0.942559759591215,1.04157075453106,3
-3.41603874455655,-1.92218855024192,3
-3.47348521912988,0.67971464823575,3
-5.86961988038039,-0.952095463617047,3
-6.50991682207723,1.82744755297145,3
-5.6513069208197,-2.580241048146,3
-1.27090484881022,-1.16136207120621,3
-1.66831059035855,0.640378541042397,3
-1.93264680443485,1.15032588689075,3
-4.91946736253514,-0.11581226212613,3
-1.57433370160057,-0.864146648812247,3
-3.8988888269244,-2.00815063425527,3
-6.735343518387,0.257439386817765,3
-1.36872826772758,-2.20491527677935,3
-5.66610980080581,3.9595468580031,3
-5.45529050390706,-0.424010465899539,3
-5.44933247190481,0.959195311246005,3
-1.15107329962911,1.01742116865814,3
-7.01389121841417,1.44483188762232,3
-3.24927362653756,-0.820781103487219,3
-3.57160826890281,2.98550290004074,3
-2.31632540327771,0.42184011351034,3
-2.54151049958245,0.365065174694293,3
-1.51028864890762,0.446166160797485,3
-1.41605116436063,1.9759233394221,3
-4.93860159040619,2.08142941707301,3
-1.34952429186086,-0.264183128645677,3
-3.73456668455032,-3.46583052454968,3
-0.98882446594527,-1.54432089006746,3
-0.679698451963928,-3.01932315759634,3
-1.77577444462567,-2.47185361058312,3
-4.83336363777757,0.709213017061902,3
-3.3787577950788,-1.54447625394798,3
-3.83642517382321,2.34205591916119,3
-3.4720221069219,1.08817076560092,3
-5.58150675316952,-1.14268479344036,3
-3.80738313617375,-0.0688152568993352,3
-4.03224405162182,1.62587571083746,3
-0.700908185152004,0.447195605801881,3
-3.4572080777512,-1.21723569992358,3
-8.25409158482534,2.87254759352359,3
-6.19716768005995,0.412017286709751,3
-3.36481539018333,3.07924057658466,3
-6.87346424580644,2.08000502074888,3
-4.79646234539151,0.341739570270284,3
-1.28577930855896,-0.469066033516928,3
-2.49671078331052,-1.64385625370429,3
-4.9537136006434,2.46585346667519,3
-2.18280244171921,2.38355166932103,3
-5.45516398502394,0.0635892054425288,3
-6.28944411537892,-0.965036808028977,3
-2.25335264460207,0.234642736941802,3
-1.56276023908789,-1.27211036988551,3
-8.6631544878588,-0.667411595993067,3
-2.18953853475563,-0.517767229068206,3
-7.78074249936575,0.213078298250792,3
-3.06465140822287,-0.103961025881188,3
0.0581718509400329,1.85876673809614,3
-3.44575673872628,-1.48782685991405,3
-1.89367815884679,2.05179641152631,3
-5.47051453638899,1.96138607028234,3
-6.32005623590518,0.997299403452207,3
-7.83855570663073,0.532361291370976,3
-1.83445712353373,-2.19195706304016,3
-5.13990186697162,1.32745580453288,3
-1.6589882137961,0.108653996075047,3
-3.75359026661016,-0.724045688717272,3
-6.79897178271755,1.10793605486508,3
-1.93070460585212,1.19826079083043,3
-2.87253336738226,3.62513554752972,3
-3.80741535851485,0.350377588203883,3
-6.06715904909235,-2.75109698652907,3
-7.25850419018001,-2.70336350241478,3
-1.51362107531408,-2.17287630003773,3
-2.10505537934894,-2.20688850070376,3
1.23790517972238,-0.950611560954371,3
-1.30432011199482,1.64148204965203,3
-4.35377513647425,-1.04977824617995,3
-7.85219921460544,-1.2751723164001,3
-5.06377285494573,-2.80605409196995,3
0.885729495683034,0.743462944238662,3
-2.92815557263048,0.188387122607825,3
-2.92614018611061,-0.601943950503763,3
0.112908472492133,-0.0174189970592969,3
-6.13411080562413,-0.834381323595392,3
-5.17731767377657,1.04517638531567,3
-6.83414392329457,3.68486221462674,3
-1.04866423374724,0.750740630037283,3
0.435481302953628,1.99056644143239,3
-1.26588545860834,0.880780911526586,3
-7.28961617338763,0.170361785090093,3
-2.16839468146503,3.86203157947065,3
-5.14071521677879,-2.92345208582357,3
-3.50328652836173,-0.864022716382023,3
-5.39681479089109,2.36699964618382,3
-1.89756708641657,-0.434838722220222,3
-6.40023184749933,0.929296700465236,3
-3.03674527426453,-0.752158235177278,3
0.0461068728657335,2.50565544976453,3
-6.52282722837212,1.54578911856518,3
-0.661897527023733,-0.924428063471902,3
-7.22828335099734,-0.476135303197101,3
-7.16032621748676,-1.07235316881517,3
-1.99832178752572,1.16708414301885,3
-4.99046855768221,-4.10080443899641,3
0.174502285800642,1.53522954101292,3
-2.63173805312444,-2.87956823059321,3
-1.61993128075657,-3.65127609831723,3
-6.30210757298665,-0.479321200455623,3
-5.61885414309777,2.254211791341,3
1.12824389727403,2.89448864120638,3
-2.49042678515431,2.37504995896646,3
-7.68136972410725,-2.46340089013751,3
-7.6856283800208,1.60814190774905,3
-8.16787043785033,-0.939762383918514,3
-4.62488075301612,-4.35801750222734,3
2.49435027505161,1.96637467645973,3
-8.49649350435295,-1.91631305565734,3
-3.6569802862943,-2.17763796342004,3
0.69676636519353,-2.97314216042035,3
-1.61131609493515,-0.564075973602603,3
1.36087183495674,2.27894451467568,3
-8.28168480591048,-2.50879503404111,3
-4.18764057088999,3.20984857433981,3
-5.64618663153594,-0.945013870299983,3
-5.29730345400899,-0.36596414165159,3
-0.838602502710179,0.866530299263214,3
-5.44987269970745,2.77898818588644,3
-3.30131525691434,-1.4706826696486,3
-1.05282123702205,3.20200789507972,3
-2.71027097323896,0.923011099205922,3
-0.538428579470866,-2.40906920234337,3
-5.52613265205536,-2.5854479417218,3
-1.75395564068941,-1.29185350313616,3
-7.70247232648304,-1.02384937003541,3
-2.7371474669726,3.33964422269894,3
-2.98024151198348,-2.6074270165467,3
-4.98058044083358,5.19022609843618,3
-2.50686328786748,-4.78432108092443,3
-9.80339283850459,-0.479074027091716,3
0.487355570754678,-0.662696132810886,3
-6.29703175473416,0.46525595117772,3
-2.94759818955747,0.745181827227663,3
-2.49981382730844,-1.54384935443436,3
-7.99368354580703,0.720361137135167,3
-5.15975414998714,-2.97892157876502,3
-8.03599734604376,-1.48260922029463,3
-2.09404082718526,2.62528100962567,3
-3.80801291595046,1.61847018626678,3
-1.02726792021548,-1.79926961816888,3
-6.4277484410977,2.64292330754964,3
-1.80911432341873,-0.315396588908274,3
-3.38650834815804,0.0735612488970448,3
-4.37705615895449,0.824289914542305,3
-1.26150457238778,0.298289884313193,3
-7.73001037000276,4.01047597205139,3
-5.36106554670125,0.118427697723988,3
-4.99392055488925,0.23861158271364,3
-6.18328697331566,-0.499516527910908,3
-5.21754609988144,-2.4829353378625,3
1.57090025770123,0.671339155452119,3
-2.62030224330842,0.962997415680945,3
-3.34555266599181,0.948831355846905,3
-3.52567802078242,1.0754058346813,3
-4.64331303029445,1.73879583585532,3
-3.73503032094471,-1.34007035238597,3
-2.3162129172606,0.968463476737101,3
-4.32238305921534,1.04718012382268,3
-7.6282300174638,-0.76828885364003,3
-2.45792754385906,-0.0473966818287742,3
-7.57045283171262,-1.40924712483987,3
-3.36385667240573,0.674386396746152,3
-2.22401444560299,-0.5909023582965,3
-5.16501738924779,3.3206494606784,3
-2.84659834217372,0.807320790134417,3
0.255122944406641,-0.528932447968289,3
-3.72512820088349,-1.25813843175145,3
-4.30804790196954,-4.61575323533017,3
-0.960465503470084,0.38819636837926,3
-5.47704730375149,-1.35826722796756,3
0.0700113731834398,0.402447084042175,3
0.651539905320036,-2.60622123869265,3
-3.45346690720331,1.35569654667022,3
-2.50904790028755,-1.15547117772825,3
-6.45445533648062,0.703286161827787,3
-4.20212408170559,-1.32551512711823,3
0.261852721363448,-0.121266333575156,3
-3.26287727347011,2.09641990704901,3
-4.35885363044414,0.11846297503714,3
0.566305139536954,0.56028751055945,3
-5.05112012970972,2.16702643128443,3
-4.15053555523469,-0.768908052403166,3
-4.05272416632801,0.796232022754995,3
-0.250884091185328,1.84750062833006,3
-2.25798649447559,1.975472562289,3
-5.05699184864269,1.09732858287774,3
-2.16649183835469,4.63967639641928,3
-5.22472090886299,-2.20431585309868,3
0.580344772128835,-1.45978527863332,3
-9.49950538171622,0.508169868163737,3
-2.97122285852334,-0.785393877170816,3
-1.27784492248009,0.851672085640333,3
-3.91636559175465,-2.38120590353449,3
-6.90763403765166,0.137810365016372,3
-1.70923406682105,1.48099450064515,3
-5.27104060250773,-1.7496250813552,3
-2.1798550207142,-0.591433525230185,3
-4.63224858276897,-3.5008059868808,3
-2.5371190920281,-1.44400079408917,3
-4.45608108854669,0.528712140727274,3
-1.80274229774155,2.23892457204275,3
-5.48199445612057,2.17278209375232,3
1.84744494506095,0.444902799196776,3
-0.863985297746274,-1.04592517301693,3
-2.10831399876907,-2.48145851337165,3
-5.58198332119236,1.36996902391598,3
-2.09592799545779,0.654922410391428,3
-4.79577913734072,-0.972826076880156,3
0.289901687010487,-0.424690595088444,3
-2.17494352428326,0.124254799712945,3
-0.591149302666404,-1.32584451126563,3
-4.43289939519689,-1.17823354723073,3
-5.16754880730948,-0.491585946405627,3
-3.36187300611798,-0.981743632794921,3
-5.06327919099577,2.40303179992343,3
-5.74633729704935,0.404839538909035,3
-0.75138494744847,1.00020210383269,3
-6.45305350201751,3.73418899864493,3
-3.41870146087906,-0.640378260841113,3
0.0291889548485287,-0.510028995550527,3
-6.78572139778261,-2.279873504012,3
-1.15080614261351,0.812968206167377,3
-4.22522201573232,-0.842583098990247,3
-6.29166391032963,-1.30301475621662,3
-6.90095758166818,1.13127783035101,3
-2.50891318910766,-2.3897814513641,3
3.18826582422207,-4.46851417977875,3
-2.18027730173578,2.90390261674772,3
-5.00954068297953,2.31077173855281,3
1.12968891887446,1.16585575583793,3
-5.72312998393512,-3.18715588191811,3
-4.80215491382148,-0.701918660175756,3
-1.74633177357726,3.96106747744923,3
-9.30450079479558,1.41797844716282,3
-6.55066978648307,-1.24720236733081,3
-3.57819714043522,-0.968671103021398,3
-2.96391361076611,-0.626624758680065,3
-6.36808102174995,-0.528118389899429,3
-3.46889871854569,-1.70350305659658,3
-3.649644730988,3.46243534235842,3
-3.90429730202391,1.69029185523865,3
-1.79202516820204,0.663812988944262,3
-4.83798922643579,2.65190706588411,3
-3.10405289045662,-1.63729446577614,3
-5.36063342663312,0.0831118843544265,3
-6.67411793391116,0.176793862491356,3
-3.02775940259927,-2.02761009415287,3
-13.591441350669,1.16733865510396,3
-5.14744315899559,-0.342272484022485,3
-5.47632366771907,2.20511560884984,3
-2.99105849177888,1.20677417986325,3
-3.2031294857177,-0.994299528511805,3
-1.33363450661483,2.47995860639783,3
-5.31658461993923,2.00971698768938,3
-3.8268740447986,1.56464068327686,3
-4.98048669636044,1.51966268665814,3
0.258449606577372,-0.664573716730463,3
-4.32188744301245,-2.54493832709087,3
-6.21497117185589,1.15460269548806,3
-0.00164127519160839,1.52512994604288,3
-8.38681920324825,1.74958650664682,3
-5.58468044239794,-1.8157582615747,3
-6.30634047517298,-1.01178741826259,3
-5.59843406763126,1.39440271833114,3
-5.46687083365651,1.2710512113389,3
-0.507706714566216,1.47983120906262,3
-3.30714484116448,-1.51116600433478,3
2.36228185971083,1.44187333296255,3
-5.26492912878007,0.683694855237401,3
-4.18938812514436,1.25379471168386,3
-4.10439422034486,-4.26800906289708,3
-1.01221709615507,-1.57180403557015,3
-3.44789084559125,2.66878602779467,3
-4.13813003712122,1.9330403792739,3
-4.3883635957112,-2.91589917990671,3
-0.725440793651246,-1.2788535988768,3
-2.92061898077496,-4.0872070433706,3
-4.67715148584912,0.335174143775604,3
-3.71917952236842,-0.207246073338285,3
1.4460936582777,-1.20523528794589,3
-0.275522938293533,-1.53635394463064,3
-4.93528480537471,-1.49159613813746,3
-4.69151405828689,-3.06209721186922,3
-2.74096104391549,-2.46257407308353,3
-6.21119710030045,0.837228249672417,3
-4.60781329561217,0.380471768324222,3
-6.70223400411085,1.92974439806608,3
-8.59003156160293,0.904339030946918,3
-5.03902625912697,-0.231326226460631,3
-4.29184358240053,-0.557748391047991,3
-2.71025445880261,-2.36135238910324,3
-4.23701660566238,-1.09752881034111,3
-8.28194428491945,-0.300803147996374,3
-2.49545665778065,-0.622270565807054,3
-5.83347091782606,-3.15396496911354,3
-7.05171679688558,-1.46454127138617,3
-0.7569790503963,-1.89863751986794,3
-2.84955779218102,0.580862024721078,3
-3.87296303862983,-0.134617696408695,3
-3.59295062319586,-0.951856633189294,3
0.153041164613802,-1.81353174940016,3
-5.27057330739357,-1.75931925776621,3
-5.42900248324719,-3.92264467414426,3
-8.00772257151912,2.36648142847817,3
-1.32363998225564,-1.68877525235668,3
-2.68920422854165,-4.30066670183397,3
-2.86864190803506,-0.66368475110194,3
-6.48455130925601,0.982390045144325,3
-4.92101706700315,-1.52721300990255,3
-3.48662376812363,-0.478615120255616,3
-2.66495054893297,0.164190752932085,3
-4.92645739380548,0.142054499787897,3
-8.67938515855126,1.95827563884475,3
-6.34347230340462,-2.60167471737635,3
-3.43544243593937,2.15421196987045,3
-4.46352306020507,2.5208240651375,3
-0.180639884057736,0.943540203859326,3
-8.41053390075632,-1.59197477084451,3
-7.55721492238315,-2.10501749492502,3
-3.29666680443633,-0.839105199256957,3
-7.22480526894709,-0.746065038350536,3
-1.29379626782365,0.502033758732928,3
-2.43310893124689,1.61832009347117,3
-4.50191812627508,1.66372937238472,3
-7.2104269698517,1.75582116955927,3
-3.69794680489286,-0.0824020165381291,3
-2.27523787580897,-0.256876883386767,3
-3.13971345343575,0.268576660300282,3
-4.9136777121578,0.778934101352236,3
-4.44975933980224,-1.73934189458139,3
-0.899595632105033,1.16745564215449,3
-1.51560213041541,-0.0918281315348722,3
-2.63528271021031,-3.07749440655715,3
-7.27792736562074,-1.05919119546504,3
-10.3911365963522,0.132077490933077,3
-6.19412694158093,0.762064831579675,3
-6.29428151735637,1.07223421561313,3
-5.12835574110482,0.617310638243965,3
-5.52071057757776,1.32651514303785,3
-2.48344596052637,0.392121246602657,3
-5.66495505624258,-0.714549313765289,3
0.0880512825550763,1.83598694555965,3
-4.29372756673442,0.0871046565959606,3
-3.85911854420143,-0.138584957880706,3
-8.8856698621733,-2.01074760944126,3
-6.11982794773242,1.3926192533048,3
-10.0890362794206,-1.32634554363619,3
-5.01998743008144,1.49417562283324,3
-2.3052737656337,-2.22510442485509,3
-0.612140330636223,0.399499420222902,3
-7.99165141482573,-0.694350452287529,3
-9.1137432461094,-0.155416388235286,3
-3.05964910641134,-2.42239284070762,3
-3.65825494214151,-0.969662052960926,3
-6.40350702457812,1.66051828191922,3
-2.49447413310703,3.99343420445924,3
-4.31216108297446,1.20283850479381,3
-3.01948357959627,-3.20885417930242,3
-5.02291225011935,-0.810240213643279,3
-6.10355819124559,0.722792383689424,3
-1.63916390662483,-1.19386952784018,3
-1.2986959801719,3.56981004115799,3
-0.481357151902959,-0.104868927637608,3
-5.1063297116351,2.22581275578317,3
-5.2201981172081,0.494786850735972,3
-3.16045100999641,0.12658197199569,3
-5.45763191840606,3.17636844687848,3
-3.02071288130554,-2.08429151734109,3
-5.79943076933296,-0.861391169421031,3
-4.49959598851333,-2.72024315300585,3
-7.46423173195483,0.479733350646605,3
-8.71758641304292,0.745460060757006,3
-3.57651799540213,0.923890371966314,3
-4.75075118603954,1.84106669981644,3
-5.94986430951486,-2.2319372914184,3
-4.25151497933323,2.47648391879357,3
-4.88817107683429,-3.19914361058529,3
-0.823907252231959,0.938616804272902,3
-5.01571281979824,-3.3493223115123,3
-0.967655848749367,1.40107345197749,3
-5.85867003848529,0.4271732042548,3
-6.14236619257055,2.08499035020752,3
-8.57541667481429,1.17492626441937,3
-3.00966211894568,2.23206521901561,3
-3.09978650084416,-1.02995702736758,3
-0.0833895431206892,-2.75226923908226,3
1.67956186975829,-3.47333216814486,3
-0.694971911001549,3.51413727161053,3
-3.17872003778744,1.96317390586687,3
-1.48712277112659,1.3216990682197,3
-3.74462896236789,0.911486147921852,3
-4.32599528251945,-1.69685440243366,3
-5.42660589093459,0.237297386158809,3
-2.22922165662068,-0.461840332167875,3
-3.21208183918116,0.788348541391429,3
-6.67677078784577,-0.979558090083087,3
-2.62634221520866,4.28100370979105,3
-1.62223297561218,-2.15764259326297,3
-4.00579312507024,1.35762090686378,3
-3.69197079103834,1.13879007850601,3
-2.94224001940245,-0.486908406080658,3
-5.86964526290802,5.30242261865929,3
-5.82950794031036,-0.756165523496839,3
-0.460710016759891,-0.222683153834157,3
-1.52466239913685,3.78527381266622,3
-1.03186737788504,2.93464538875901,3
-5.59694964527019,-2.5804555302318,3
-1.41938143971981,1.93317763911248,3
-1.67324083805699,0.73669952182175,3
-1.8514168925395,0.940693249865836,3
-4.58881907882687,-0.968542808513056,3
-3.71478636818088,-2.28298350798867,3
1.16524255760061,-2.36950869547865,3
-2.78874691921605,-2.03584685354376,3
-7.74193740797661,-1.05094171479177,3
-4.41837617583723,-2.04336671653638,3
-8.80585410733451,1.74576249360108,3
-2.20670991792174,0.427475728155877,3
-6.02372335852159,0.389235966990475,3
-4.24585634344692,-2.11055950717203,3
-2.93604116355446,1.26370847057415,3
-3.25619633323954,-4.34927003703089,3
-7.50806965800559,-1.11414120747085,3
-5.6740936453351,1.03144524609253,3
-6.48229064715315,3.46809594307349,3
-5.27883719249717,-0.718176558047706,3
0.798466067011688,1.50441395625789,3
-3.31294278080915,3.89120457568334,3
-7.61529251494569,-1.08314696842592,3
-2.28496286214224,-1.21554421773346,3
-4.86137412073672,4.00800949660517,3
-1.81856944961193,0.204174204483127,3
-4.9196374121803,1.97570058067015,3
-3.84964343937758,0.533162269760541,3
-0.936618820494476,1.29819135731203,3
-3.19837824409302,1.13908717884469,3
-0.672023070847407,0.756927777925767,3
-4.47758037041493,-4.83436167656968,3
-4.33961445376489,-0.920975311168238,3
-2.96106370076197,-0.785746184786064,3
-4.99943388703888,-1.52726036944699,3
-3.11755921218514,-1.34982871451344,3
-2.60447158268592,-0.882628035398501,3
-4.92190271053751,-2.08706219810705,3
-6.42850274182563,0.0770107265619339,3
-5.07039682150716,-1.37229685862462,3
-4.71542349569313,-1.31942087848035,3
-2.41065195741832,-2.8285513294822,3
-3.93605157353823,1.52096974253737,3
-1.66185988405079,-3.20030355459062,3
-5.84498851841961,1.37974007135836,3
-2.8937749297177,-0.00542500854652478,3
-1.9757605155709,1.09913591045616,3
-2.6143860481,-1.12864697909356,3
-5.86029956385469,0.930031026185441,3
-2.6887011524262,1.62768101204931,3
-5.43377047272347,0.389514112383189,3
-3.98379957239376,0.282887364426548,3
-5.22508600334295,0.0514804821022646,3
-1.66529823171485,-0.230670937964156,3
-8.37622328683796,0.282408996767805,3
-3.53137199885352,-0.622075469441851,3
-4.36280884148451,-2.99959705155738,3
-6.58803863424185,1.84743865376112,3
-3.69433590810725,-1.11028299230143,3
-4.94804575446123,-0.171602398959806,3
-1.42249592630555,-0.285161600974968,3
-8.76078763867005,1.10153407290301,3
-3.35202571288215,2.60214065375238,3
-2.68233562188743,-3.7852572002402,3
-9.19211144522632,0.499641101374409,3
-1.96891756547965,-0.703226711682171,3
-0.863475887251348,-2.37436944359859,3
-2.13936310663711,-0.622188530194015,3
0.119941638732863,-0.278908792766693,3
-2.43284597009162,3.86434518403726,3
-8.89866970214704,-2.53728642817484,3
-6.59868283131996,3.34636989015113,3
-0.670010338437555,0.0480290531555709,3
-4.66644704624694,1.44077447490095,3
-6.67811515059724,-0.744770452119813,3
-9.19248850533754,-1.82476452538158,3
-6.95460769435862,1.14031993719027,3
-5.72356386774903,1.3597397449555,3
-2.57347264105411,1.59258384937619,3
-2.48321987151243,-0.412423859978368,3
0.0642234965995838,1.71734433019437,3
-1.52355122355606,-0.344885504941442,3
-5.86927722993593,2.28271483931206,3
-3.76427272538701,0.25081694601605,3
-3.06380042765833,-0.43120884892289,3
-2.6703815755917,-2.92968006283504,3
-6.98301837752031,3.97614564784016,3
-5.82355053345879,1.24634500447707,3
-4.88519621990833,-0.718261129904569,3
-4.2662307449736,0.352429040593705,3
0.338433609420973,-0.549565812253667,3
-3.04366640677894,-1.0855644009029,3
-6.44920385852558,-1.42271941850729,3
-3.73106155605092,-2.6984597767132,3
-3.94411884029647,2.37881603301965,3
-4.35028180467873,1.50135751831654,3
-0.50563333600403,-0.338101347462193,3
0.835657103824613,-0.664400909680862,3
-3.65701850846014,1.74065760284788,3
-3.29412183454533,-3.2009355037792,3
-6.98166541478867,-4.94655947662129,3
-1.48071532419754,-1.48815127354214,3
-6.07757260180264,-1.66724404301147,3
-3.38589695919892,2.43324457504332,3
-3.32027037398001,-1.47817940574961,3
-4.37303911721699,-2.96887131384077,3
-2.81146526295064,-2.64658602773709,3
-3.82900023519534,-0.854989583526747,3
1.32354274692083,1.20874046443738,3
-0.30042131212571,-4.45833082136044,3
1.33067752108858,-0.907188235747071,3
-1.5905342159963,-1.33101991685837,3
-3.7234043878593,2.01879702348947,3
-3.51795015524223,3.58609260436181,3
-3.50321704631153,0.938146236903946,3
-1.74934812847118,1.27941161076337,3
-4.75974240736786,-1.10640611540218,3
-3.21304926992648,-1.77986088065935,3
-5.96051629923377,-0.151163965656763,3
-1.49922456543335,1.30543100202671,3
-5.20833885271448,3.83442811016161,3
-7.25361110404211,0.464958270437338,3
-4.68399622562171,-1.69614009346833,3
-5.29287560176069,-1.68779231124667,3
-6.11169043288187,-1.94543803405689,3
-5.42767266440493,1.11431474272277,3
-2.44178140406855,0.661247109203769,3
-4.17685244314933,0.256051008206135,3
-7.86315755079735,0.833708503626206,3
-0.45115151665162,-0.162016047044019,3
-3.46239664426675,-0.932232191781534,3
-2.12614637303742,0.75914304653451,3
-6.78217419342025,1.01680106610074,3
-4.38533819963847,-1.78170449745337,3
-1.18062177461623,-4.0304963424332,3
-6.75561208839939,-1.13634985072115,3
-2.9515453499235,-2.00486435210383,3
-0.0122884899398596,-1.55993090703515,3
-5.74104222841908,1.69148946551078,3
-9.06381348584823,-1.31401268078245,3
-8.9496779199084,-0.191989496940173,3
-4.21379484847809,4.97463373484561,3
-0.568586753056904,0.0399104384350085,3
-4.8170021947476,-1.72320717283095,3
-4.5303604285754,0.379118735368056,3
-8.1751875516483,-2.49782998776921,3
-3.18754458044197,-1.31894463546158,3
-3.6535412610024,-0.945862943765042,3
-2.32971510755211,0.0204747441633998,3
-5.73383542840675,2.09087300789874,3
-0.388556848038135,0.27171366150232,3
-4.37226733855315,-0.337869537217183,3
-8.11548750177052,0.395153143856783,3
-4.50934462664154,-2.07999958863454,3
-0.581875335370831,0.711444164423577,3
-2.81246049621224,-1.08857072104304,3
-8.46152424746283,0.850507015319999,3
0.355620798174455,-0.616344039360038,3
-2.60585956991528,-1.5731181894173,3
-3.79608459102584,-2.98460580487767,3
-4.06457529112279,0.277730702938317,3
-4.49327953546554,0.803885781595045,3
-4.60158841366922,-1.00488900860138,3
-6.48046693656851,-2.3646308310036,3
-1.15398689715987,-2.02143081137039,3
-4.23302092675697,1.7851497501964,3
-1.54147418967926,-1.2809861484659,3
-2.4709432051587,0.490488822082547,3
-3.71200112376773,-0.0276494118382984,3
-2.92313513276997,1.72622788707567,3
-6.20049169875313,-0.955534556634935,3
-2.71490152798596,0.0341560419130712,3
0.077347600050043,3.00326921399165,3
-0.981532747322391,1.27871299278066,3
-3.17097227124605,3.79430900950577,3
-2.79976261654284,0.40620917366284,3
-4.04381105454971,1.19709164260954,3
-6.41284529993365,1.91988794547119,3
-5.72949395704095,1.69393476017036,3
0.679397058594332,2.06729310544584,3
-0.907929994445672,0.314919771638373,3
2.82467922161463,-1.8733254076976,3
0.796758177772949,0.541553669787147,3
5.01414152547686,1.7212068223041,3
2.76933734643182,-0.92711730333787,3
2.99713405587868,-0.252966947448756,3
3.02955176742436,2.03136812441195,3
3.63339934927993,1.21085383047577,3
1.57497860321328,-0.250313639047494,3
1.90690969824889,-0.489348544466877,3
2.3148483893814,0.717205673648694,3
3.49812650894281,0.781434943058343,3
2.69756233031073,0.544113619495886,3
1.26250212260387,-0.907175411935273,3
3.350445336348,0.212454251554625,3
2.39452779459342,0.817470365135438,3
0.582306326038018,2.17088197354496,3
2.04425005077996,2.01636502947145,3
0.398813676137222,-0.102681020381825,3
0.949218711529577,-0.289125304429628,3
2.84246330223109,-0.349596076283997,3
-0.698212000658437,2.81725412639845,3
-0.0222565449047636,1.64646526678336,3
3.98227338567583,2.66703556215589,3
2.59927657535192,0.301752200597081,3
2.91399761211215,1.18053212964393,3
3.48029226872681,-2.28517819557497,3
3.77458511144232,-1.71175819708271,3
2.4268423274361,0.294581642167022,3
3.19960910689692,-1.21071353858287,3
0.933923719468987,-2.12095129623007,3
1.58041712118888,-0.205379100198426,3
1.53509204749757,1.55475505039257,3
1.03447584796303,-0.668289836633054,3
1.25790646754563,-0.256570803976119,3
2.63579041146099,3.31504101970879,3
1.67358815992913,2.53776461776254,3
2.21865841669566,-0.992791592764848,3
1.4406407709522,0.119701322984432,3
2.08896041162986,-3.06472426753118,3
3.35526735270788,0.817241578168194,3
-0.434403094147604,0.23422983463514,3
3.92854783146703,0.637169008452921,3
2.808487738039,2.002024378516,3
4.01473643267958,0.910073831029645,3
3.49959558535772,-1.89418113574759,3
0.235527655636603,-2.1895979359523,3
1.81754972540828,0.36099432118538,3
1.33628743548094,-0.789987847880417,3
-0.0332344311552375,-1.23468677689687,3
4.25788733753527,-3.07766017291576,3
1.50521295464871,-0.941814030113529,3
1.66071073169012,1.30540994488474,3
3.30891454668441,-0.826002893452039,3
1.80968590906227,0.0922154507399918,3
1.82061807080156,-0.802840493475495,3
2.65169709957199,0.419518262106555,3
2.93419495234839,-0.093049671244839,3
3.15359268738278,1.83569031519026,3
2.83424839798159,-1.42842081588779,3
3.18186415491736,0.615695316808542,3
1.43565585736437,0.313830451971796,3
-0.485390760077986,-2.3746475959676,3
4.78950825454633,0.544852935760113,3
1.16058169001441,-1.38935702760394,3
4.23266372412967,-1.80060172548771,3
4.18601571403895,-0.0138221915243442,3
3.27905758143726,1.76261338340939,3
2.96526432459987,0.806268188262733,3
2.28340403245888,2.22921865762808,3
1.74490530582854,-0.48879089904286,3
1.38760494364297,0.10966808106255,3
1.1006316471477,0.822385010794175,3
1.17151283052854,1.3472345561285,3
4.40405233678882,-0.862761926990298,3
-0.910216500171802,-0.48570293726121,3
1.70853908130295,-0.044443224604033,3
1.43658281105388,0.00722983195336491,3
3.29372200868464,0.538504027484598,3
2.37128180020074,0.667528738188777,3
0.63813150953593,-0.428606541934001,3
3.82801545825425,0.40088018216081,3
4.24547144388137,1.33506297102424,3
2.40389703705398,-1.59614726985461,3
2.16742350890499,-0.636554892021421,3
2.53694325061153,-3.25408750908545,3
1.36016535190194,1.90216345191792,3
3.96829325005317,1.51989686885625,3
-0.625554358776677,-0.597987637789417,3
4.09004344528108,-0.593135974760445,3
0.900869398807717,3.16112311587385,3
0.837965895715864,0.382609219909582,3
2.22847953296777,-2.14977197277373,3
2.48303634823316,1.84447304553981,3
2.7763772477671,0.702865245352274,3
2.85786773716576,1.84029362460893,3
0.10191153164373,1.95421931004183,3
2.99365774091915,-3.22860137900852,3
2.96703142488455,-0.258259511890187,3
2.99823800304272,3.48127301350218,3
2.25279837943436,0.138380399605327,3
2.42240154321364,-0.686701190068692,3
0.804771924405043,0.207510483943538,3
1.98427463636868,1.94812935941706,3
3.13184430201921,-0.0184932117094793,3
-0.113255351134619,2.31999318811834,3
1.44360762942106,-1.03682517887466,3
0.124387763465578,-1.74994727328755,3
3.89238203440258,-0.945131349070302,3
2.64585038523848,-0.698563209650488,3
3.83547501654214,0.393872188156435,3
1.47416762922979,2.82946674720178,3
2.78879437681068,-1.77403873355014,3
2.85304698806857,-2.49944296096237,3
3.45541075591306,-1.04224521579635,3
2.34958939835629,-2.2437507686635,3
2.74746915240348,0.338841861740865,3
-0.313407555716924,-0.0306426533892391,3
3.73624184703893,-1.18545268725902,3
1.30020768961574,0.902026632033769,3
1.03626989823871,-1.92070968254942,3
-0.354437276550717,-0.257672544295574,3
2.13915601976835,0.475316454435375,3
2.11033456201722,-0.205527502042249,3
2.49613811596419,0.21639482562747,3
2.90601100322097,-0.518829352239355,3
1.5734257315775,-0.731358858665835,3
3.51885588990761,-0.289633212779818,3
1.35928898634724,0.121986409097417,3
0.289234520449347,-0.696732356401911,3
1.41689096132875,0.207276775528339,3
1.0191385504206,1.31609030986754,3
2.22535808513717,-2.98294820884808,3
2.60657557322084,-0.585334517146499,3
0.40470570246826,0.221297991331638,3
2.41635301248196,-0.00229353216900063,3
1.27569753917337,2.73027864730606,3
3.28175008017595,1.36683586619754,3
0.965950266149909,0.896009449421689,3
1.87743891682063,1.13619626894425,3
1.28223713778243,-1.36013817788567,3
1.63447913305156,1.03099927820721,3
2.74265695794937,-0.338287142256208,3
0.958420094112261,-2.67461328828971,3
0.0438368198204833,-2.94472170255236,3
0.611125237698971,1.15521398659744,3
0.0940980817556916,-0.81889030466861,3
2.67154750205486,0.0665228994956248,3
2.28829558985527,-0.375191075690084,3
3.0418604347285,-1.3710087501907,3
0.894076260935701,-0.659058874419825,3
2.4889928017868,0.688527934172946,3
1.18214387459512,-3.07208894521874,3
2.86065520231919,0.532731514085157,3
2.80358738079675,-1.18588762289958,3
2.27507681281658,1.38728755308097,3
4.7176506491321,0.0240935884879843,3
0.495785165084801,-0.115728871032544,3
1.69733967305295,-1.27470672296863,3
2.00907897135314,-1.4904656495288,3
2.26502244288303,1.69769041219881,3
3.05325860031168,-1.38441896164193,3
4.02702522946465,1.5552630623353,3
1.05756771833619,1.58685259116987,3
2.23182080837306,0.229560066952574,3
-0.849303277246024,0.815970983339845,3
-0.333578794349963,-0.458720255743508,3
2.18943114496144,-0.640731957617077,3
1.96897236046019,1.9286594434698,3
1.11276670199591,-3.63179252521172,3
-0.22317550169181,-0.479434435851711,3
1.46217465854873,-0.221876475745373,3
3.55124614579465,-1.00681043519555,3
2.50767402830857,2.05102149083856,3
0.817869231962415,0.0323834837934093,3
1.94204817447987,0.84866982169286,3
3.52877687066481,-0.555076117758018,3
2.97097344013083,0.542860810870162,3
-1.23161124885978,-3.3626492306195,3
2.33322220034223,1.85351379816626,3
3.12098811428844,1.12717801060236,3
1.77225284227879,-0.934835091960337,3
0.380436544542679,1.44138306967728,3
2.21993838373186,1.52722168862294,3
2.62233804708407,-1.67731968020853,3
1.33267627731889,1.04891437401689,3
1.55212872121138,0.518673192634927,3
1.98472414739114,-0.65246918590575,3
2.62545057159472,-0.0265483686972927,3
2.50389620677786,2.72776686219673,3
2.90156489795396,-0.156630215072788,3
1.58064325182169,-0.903721873390727,3
0.773222315451278,0.955349837069211,3
3.14228977942955,1.57241183028302,3
2.94086803132839,0.0200301515598127,3
0.723636217613857,-0.224272925816938,3
2.68997305498163,1.62798270400202,3
2.90205294506781,2.48455619927614,3
1.07582887340142,-0.221950986902269,3
